Date,ATR,CCI,MACD,MTM,ROC,RSI,open,low,high,close,chg,pct_chg
2014-11-04,18.8550,136.2331,18.9956,144.3400,2.9258,76.8039,2511.0360,2498.6050,2517.4600,2513.1720,0.6240,0.0248
2014-11-05,20.1710,109.5090,20.8475,86.7950,1.9854,69.3342,2516.8700,2499.2280,2519.3990,2503.4480,-9.7240,-0.3869
2014-11-06,28.0020,81.1241,22.2697,54.6830,2.9866,70.2687,2505.1670,2482.9830,2510.9850,2506.0670,2.6190,0.1046
2014-11-07,52.1300,83.5607,22.8180,33.2280,3.4528,66.6273,2508.7650,2489.4190,2541.5490,2502.1530,-3.9140,-0.1562
2014-11-10,63.5770,116.5814,28.0592,57.4050,7.0868,83.3976,2529.8300,2514.7100,2565.7300,2565.7300,63.5770,2.5409
2014-11-11,69.8010,116.9537,31.2780,46.0640,7.0233,78.1232,2578.4380,2532.5720,2602.3730,2558.6120,-7.1180,-0.2774
2014-11-12,54.7170,118.4923,36.2917,81.1460,9.5189,84.1553,2545.4030,2539.6010,2594.3180,2594.3180,35.7060,1.3955
2014-11-13,40.0560,123.8577,38.6442,76.3020,6.7489,74.1459,2597.3890,2567.4630,2607.5190,2579.7500,-14.5680,-0.5615
2014-11-14,24.2660,100.0251,40.1540,75.0260,5.2913,74.4816,2569.2110,2557.6660,2581.9320,2581.0930,1.3430,0.0521
2014-11-17,48.1430,96.1905,39.7631,64.9480,3.9765,64.0777,2613.5130,2565.9430,2614.0860,2567.1010,-13.9920,-0.5421
2014-11-18,35.2840,28.5865,36.9548,-24.3140,1.3192,49.0002,2565.2730,2534.9270,2570.2110,2541.4160,-25.6850,-1.0005
2014-11-19,19.1820,0.0108,33.9989,-21.3890,0.9821,46.8411,2538.2330,2531.3180,2550.5000,2537.2230,-4.1930,-0.1650
2014-11-20,22.6370,-18.9134,31.2857,-57.2190,0.9521,46.7680,2528.7800,2522.8360,2545.4730,2537.0990,-0.1240,-0.0049
2014-11-21,55.3300,53.3151,32.5014,3.7050,3.1959,68.6943,2537.5380,2530.0320,2585.3620,2583.4550,46.3560,1.8271
2014-11-24,84.2160,198.3625,38.3327,68.1650,5.7138,81.6026,2614.1600,2602.9440,2667.6710,2649.2580,65.8030,2.5471
2014-11-25,42.2200,217.0742,45.3605,118.4600,7.3300,85.5477,2650.0850,2643.8430,2686.0630,2685.5610,36.3030,1.3703
2014-11-26,37.7990,217.0705,53.3377,181.6020,6.1303,88.5799,2695.2630,2690.3100,2723.3600,2723.0180,37.4570,1.3948
2014-11-27,35.7860,180.8238,61.4904,217.2670,7.6556,90.5738,2737.0300,2718.7040,2754.4900,2754.4900,31.4720,1.1558
2014-11-28,69.1690,168.0433,71.5110,271.7200,8.2681,93.0776,2753.9250,2740.3740,2809.5430,2808.8190,54.3290,1.9724
2014-12-01,46.6790,157.6071,79.4240,236.3570,9.3056,93.4970,2825.6110,2808.6530,2855.3320,2819.8120,10.9930,0.3914
2014-12-02,140.2130,158.4938,93.0249,274.6820,13.2830,96.1490,2807.3380,2804.2930,2944.5060,2923.9400,104.1280,3.6927
2014-12-03,115.9790,161.8367,106.0996,281.9880,15.5992,96.8041,2936.1240,2912.2460,3028.2250,2967.5490,43.6090,1.4914
2014-12-04,137.3410,165.3135,126.0472,381.3330,22.1504,98.0516,2975.4030,2968.8760,3104.8900,3104.3510,136.8020,4.6099
2014-12-05,183.8620,149.8532,141.8773,370.3950,23.1616,98.1796,3143.9680,3011.9360,3195.7980,3124.8850,20.5340,0.6615
2014-12-08,195.1810,149.5630,162.8734,444.0620,28.2126,98.7794,3108.2720,3075.7000,3270.8810,3252.8810,127.9960,4.0960
2014-12-09,313.3110,120.1387,165.8231,287.1010,20.2619,68.0819,3233.0970,3074.5160,3387.8270,3106.9130,-145.9680,-4.4873
2014-12-10,170.8560,96.4798,175.3889,297.6060,21.6018,75.3121,3120.2120,3058.1910,3229.0470,3221.5460,114.6330,3.6896
2014-12-11,95.9810,91.7014,177.8108,215.4630,18.5232,69.0066,3185.1610,3158.4430,3254.4240,3183.0120,-38.5340,-1.1961
2014-12-12,71.5190,81.0787,178.4968,88.8760,17.2679,69.8107,3182.9230,3167.9280,3239.4470,3193.2270,10.2150,0.3209
2014-12-15,82.9240,70.2468,178.9148,92.3430,16.7994,71.8684,3176.8290,3143.2970,3226.2210,3217.2280,24.0010,0.7516
2014-12-16,95.7140,92.8338,184.0776,50.5210,17.6082,78.2544,3221.3580,3207.6880,3303.4020,3303.4020,86.1740,2.6785
2014-12-17,92.4580,113.0771,190.5874,253.6850,19.1781,81.5841,3325.8200,3275.7360,3368.1940,3360.5980,57.1960,1.7314
2014-12-18,71.4820,117.5416,192.3454,124.3810,14.4321,77.9120,3359.0900,3322.2290,3393.7110,3345.9270,-14.6710,-0.4366
2014-12-19,116.2670,118.2135,194.5016,200.1550,14.0054,80.5751,3345.6290,3280.9160,3397.1830,3383.1670,37.2400,1.1130
2014-12-22,97.5460,136.3542,194.8768,201.2540,9.3459,81.3930,3396.2510,3357.6610,3455.2070,3394.4810,11.3140,0.3344
2014-12-23,114.8660,86.9474,187.4013,107.6960,6.4015,62.1021,3358.7980,3316.9130,3431.7790,3324.9240,-69.5570,-2.0491
2014-12-24,151.8620,-3.0403,171.8672,-73.0170,-0.6916,44.7886,3332.1460,3188.4950,3340.3570,3230.3850,-94.5390,-2.8433
2014-12-25,109.4570,28.1469,166.1168,-25.1790,7.3548,59.7493,3254.4800,3226.3220,3335.7790,3335.4190,105.0340,3.2514
2014-12-26,118.3260,113.8537,168.5269,99.9120,6.9623,70.0033,3343.6400,3335.0120,3453.3380,3445.8390,110.4200,3.3105
2014-12-29,118.4440,134.8870,169.2617,72.2880,8.5593,70.7812,3502.1830,3405.8360,3524.2800,3455.4550,9.6160,0.2791
2014-12-30,69.6520,115.7565,168.0759,63.0730,8.2777,70.9784,3450.8140,3422.1740,3491.8260,3457.5540,2.0990,0.0607
2014-12-31,89.8420,142.9568,171.3062,208.7810,9.8369,77.5674,3462.3890,3452.4980,3542.3400,3533.7050,76.1510,2.2025
2015-01-05,135.3370,189.5831,180.4871,411.1560,10.2361,83.8126,3566.0890,3551.5100,3669.0420,3641.5410,107.8360,3.0516
2015-01-06,95.9950,165.2973,185.5849,305.6400,8.3456,83.6876,3608.4280,3587.2310,3683.2260,3641.0590,-0.4820,-0.0132
2015-01-07,69.4920,133.0786,187.6818,197.9510,8.9023,83.8514,3620.9240,3601.6980,3671.1900,3643.7900,2.7310,0.0750
2015-01-08,107.8450,86.1886,180.4427,103.8040,5.2049,61.0821,3650.0730,3552.1000,3659.9450,3559.2590,-84.5310,-2.3199
2015-01-09,153.3580,73.5194,171.7146,89.1690,4.4850,58.2664,3547.5740,3536.3950,3689.7530,3546.7230,-12.5360,-0.3522
2015-01-12,99.2050,19.3541,160.2753,-20.1290,5.6739,50.8317,3531.5150,3461.3220,3560.5270,3513.5760,-33.1470,-0.9346
2015-01-13,55.3900,19.8044,149.5234,-127.5010,8.7808,50.9368,3506.4510,3494.7680,3550.1580,3514.0400,0.4640,0.0132
2015-01-14,75.6820,4.8431,138.4689,-138.6360,5.0070,47.8613,3522.9070,3471.5600,3547.2420,3502.4230,-11.6170,-0.3306
2015-01-15,121.8510,37.6207,136.3426,-39.6690,4.5934,68.0969,3501.7190,3482.2700,3604.1210,3604.1210,101.6980,2.9036
2015-01-16,60.9000,89.8009,135.5979,75.8870,5.2002,72.0659,3616.2480,3601.2580,3662.1580,3635.1460,31.0250,0.8608
2015-01-19,304.1650,-154.3408,111.1337,-191.5680,-2.9616,30.7020,3414.0130,3330.9810,3497.2520,3355.1550,-279.9910,-7.7023
2015-01-20,93.5230,-149.4583,93.9761,-117.3540,-3.8906,37.0604,3336.7930,3325.6810,3419.2040,3396.2220,41.0670,1.2240
2015-01-21,161.5720,-37.1704,91.6408,34.8450,-2.5444,55.3400,3420.4910,3409.4300,3557.7940,3548.8850,152.6630,4.4951
2015-01-22,56.7030,8.6597,90.2608,65.1900,-2.0172,57.1711,3551.0520,3520.0530,3576.7560,3567.6130,18.7280,0.5277
2015-01-23,79.1800,41.2609,88.4796,-32.3890,-1.9776,57.6296,3582.0880,3548.6260,3627.8060,3571.7320,4.1190,0.1155
2015-01-26,52.2410,57.8898,88.9677,-27.1610,1.3690,61.9337,3580.1180,3559.3760,3611.6170,3607.9850,36.2530,1.0150
2015-01-27,106.2410,37.7330,85.6994,219.7760,0.7953,55.7387,3614.0380,3510.0170,3616.2580,3574.9310,-33.0540,-0.9161
2015-01-28,70.9190,10.8386,78.2049,129.1010,0.3343,47.2305,3547.2390,3512.3930,3583.3120,3525.3230,-49.6080,-1.3877
2015-01-29,71.4220,-55.0909,67.9698,-67.0870,-0.9175,40.6909,3474.9150,3453.9010,3505.5820,3481.7980,-43.5250,-1.2346
2015-01-30,82.2810,-71.1192,55.3944,-133.2230,-1.9425,34.4553,3496.8850,3431.9360,3514.2170,3434.3900,-47.4080,-1.3616
2015-02-02,87.3050,-139.4233,38.4946,-217.7720,-6.9410,26.2621,3360.1930,3347.0850,3407.2560,3353.9600,-80.4300,-2.3419
2015-02-03,87.7490,-80.5435,31.4750,-170.5400,-5.4386,43.1118,3388.6020,3360.7170,3441.7090,3437.4450,83.4850,2.4891
2015-02-04,77.2520,-59.2979,22.7707,-173.1630,1.3893,38.5898,3446.1440,3399.5650,3476.8170,3401.7680,-35.6770,-1.0379
2015-02-05,121.0890,-66.7035,12.9137,-158.3770,-0.8620,34.3676,3487.9510,3366.8620,3487.9510,3366.9460,-34.8220,-1.0236
2015-02-06,88.1160,-132.0878,0.6942,-169.3780,-6.6631,28.5070,3352.3300,3285.9350,3374.0510,3312.4200,-54.5260,-1.6194
2015-02-09,77.9290,-110.7717,-6.2149,-88.4690,-6.2140,36.4917,3305.7340,3298.5970,3376.5260,3345.9210,33.5010,1.0114
2015-02-10,67.6320,-63.4450,-6.6894,52.9830,-4.6137,48.9534,3345.0770,3339.5480,3407.1800,3406.9430,61.0220,1.8238
2015-02-11,38.7120,-18.7881,-4.8166,-3.3210,-4.8188,53.7991,3415.9770,3412.1360,3445.6550,3434.1240,27.1810,0.7978
2015-02-12,47.9550,-7.1945,-2.5965,41.1060,-3.6940,55.4333,3435.3610,3405.6270,3453.5820,3442.8740,8.7500,0.2548
2015-02-13,66.6310,57.2010,1.3227,102.8820,-1.5742,60.5869,3458.8270,3452.0790,3509.5050,3469.8280,26.9540,0.7829
2015-02-16,37.8680,91.0286,6.7439,187.0630,0.5079,65.8071,3473.2890,3466.6070,3504.4750,3499.4830,29.6550,0.8547
2015-02-17,37.3370,144.2880,12.7363,176.4010,2.5603,69.5362,3511.5440,3511.0930,3536.8200,3522.3220,22.8390,0.6526
2015-02-25,65.5950,93.4646,13.8086,71.7860,3.7201,55.6381,3529.5500,3463.9550,3529.5500,3478.7290,-43.5930,-1.2376
2015-02-26,112.4590,129.7869,21.4767,132.1710,3.7484,70.0616,3473.7130,3456.8710,3569.3300,3566.2950,87.5660,2.5172
2015-02-27,34.3580,147.5027,27.7620,129.9690,5.0290,70.9103,3565.2330,3560.4550,3594.8130,3572.8430,6.5480,0.1836
2015-03-02,42.1640,133.0282,34.6373,131.4370,6.9594,74.6530,3603.4520,3566.5270,3608.6910,3601.2650,28.4220,0.7955
2015-03-03,97.0640,62.3314,32.1813,8.4170,5.9014,49.5320,3579.3150,3504.2010,3579.3150,3507.9000,-93.3650,-2.5926
2015-03-04,43.7400,48.7850,31.7189,8.5000,5.5262,54.0840,3514.6670,3497.1720,3540.9120,3530.8220,22.9220,0.6534
2015-03-05,63.1460,8.5675,28.2447,17.6150,2.6241,46.5118,3513.2490,3467.6760,3517.0830,3496.3440,-34.4780,-0.9765
2015-03-06,43.8510,-13.6789,23.7791,-87.7750,1.2928,42.7948,3501.1840,3472.3920,3516.2430,3478.5200,-17.8240,-0.5098
2015-03-09,129.2190,-10.1026,24.7343,-35.0930,2.7557,56.6191,3449.6960,3417.4860,3546.7050,3537.7500,59.2300,1.7027
2015-03-10,39.2200,32.9595,23.8336,-80.6540,1.4636,52.2358,3523.6400,3511.9850,3551.2050,3520.6110,-17.1390,-0.4845
2015-03-11,56.6980,39.7401,23.1787,16.7530,0.7192,53.2598,3524.5750,3512.2180,3568.9160,3524.6530,4.0420,0.1148
2015-03-12,78.6880,130.7231,27.8412,62.0220,2.0021,67.4066,3557.6860,3536.5340,3603.3410,3592.8440,68.1910,1.9347
2015-03-13,48.5480,174.3826,33.1563,121.3130,3.9936,71.2114,3604.6710,3594.7420,3641.3920,3617.6570,24.8130,0.6906
2015-03-16,88.0820,199.4945,43.9638,227.1510,3.9081,80.7675,3641.7730,3621.1190,3705.7390,3705.6710,88.0140,2.4329
2015-03-17,56.9040,213.4416,56.0345,219.3720,5.1578,84.4000,3733.9610,3716.8090,3762.5750,3757.1220,51.4510,1.3884
2015-03-18,88.9330,208.1985,71.9474,325.4440,6.7973,88.7912,3769.0860,3763.8480,3846.0550,3846.0550,88.9330,2.3671
2015-03-19,49.4200,160.6803,83.0910,315.0860,9.4598,86.7111,3851.2490,3809.7060,3859.1260,3839.7390,-6.3160,-0.1642
2015-03-20,84.4470,143.2078,95.0896,299.7300,10.2455,89.2412,3852.4920,3832.4160,3916.8630,3892.5740,52.8350,1.3760
2015-03-23,79.7220,142.7815,109.7475,354.4040,13.6061,91.9933,3923.0830,3922.2100,3972.2960,3972.0610,79.4870,2.0420
2015-03-24,106.0760,114.7395,120.0594,267.3750,14.2166,92.0237,3980.0660,3883.7820,3989.8580,3973.0460,0.9850,0.0248
2015-03-25,66.7280,95.9915,124.1671,183.2900,11.3819,79.9749,3961.5780,3913.9880,3980.7160,3940.4120,-32.6340,-0.8214
2015-03-26,99.1190,84.3510,126.7351,103.9440,12.1964,80.8584,3921.7450,3892.8780,3991.9970,3949.9990,9.5870,0.2433
2015-03-27,60.1620,82.9227,129.0337,131.9580,12.6833,82.9067,3957.5420,3932.8700,3993.0320,3971.6970,21.6980,0.5493
2015-03-30,129.9540,116.7930,138.6561,195.6040,13.7867,89.8816,3999.0240,3999.0240,4101.6510,4088.1780,116.4810,2.9328
2015-03-31,128.2470,116.3396,141.6654,79.1430,11.9842,77.7906,4138.8850,4037.7710,4166.0180,4051.2040,-36.9740,-0.9044
2015-04-01,92.5600,116.4809,148.2073,150.8490,11.2861,83.1410,4057.5010,4046.9390,4139.4990,4123.8950,72.6910,1.7943
2015-04-02,88.1930,118.7029,151.7141,184.3640,9.7855,83.1999,4149.9460,4068.6490,4156.8420,4124.7760,0.8810,0.0214
2015-04-03,78.1750,122.4768,156.3832,220.5390,8.4368,86.2026,4104.6720,4092.3830,4170.5580,4170.5380,45.7620,1.1094
2015-04-07,89.9330,150.4314,165.3993,288.3470,10.9462,90.2801,4213.8940,4197.0190,4260.4710,4260.0440,89.5060,2.1461
2015-04-08,99.9540,140.8846,173.4308,207.6250,10.3589,91.4863,4277.4500,4204.8260,4304.7800,4295.8030,35.7590,0.8394
2015-04-09,119.5550,124.1606,175.0614,210.9340,7.3029,80.2373,4316.9580,4212.6110,4332.1660,4262.1380,-33.6650,-0.7837
2015-04-10,120.4910,128.3356,180.9074,220.5210,9.3472,85.4752,4249.3830,4231.1960,4351.6870,4344.4160,82.2780,1.9304
2015-04-13,87.6080,149.5901,189.5410,296.2970,12.1982,88.7953,4394.0470,4361.5890,4432.0240,4421.0730,76.6570,1.7645
2015-04-14,88.4450,133.4321,195.5102,267.6460,12.3591,89.4418,4432.1260,4385.9080,4474.3530,4438.1840,17.1110,0.3870
2015-04-15,96.3880,104.9378,193.3584,120.4690,10.2932,72.5194,4439.3140,4379.6090,4475.9970,4380.5130,-57.6710,-1.2994
2015-04-16,178.1350,111.7668,200.0813,217.7430,10.4048,81.9649,4355.4910,4335.6300,4513.7650,4513.5460,133.0330,3.0369
2015-04-17,116.7240,156.9730,209.6568,333.9980,13.4511,85.6415,4578.6790,4553.9040,4630.2700,4596.1360,82.5900,1.8298
2015-04-20,178.5680,118.5813,208.8493,177.5030,9.6517,70.2076,4615.0340,4492.6000,4671.1680,4521.9190,-74.2170,-1.6148
2015-04-21,115.5000,108.7495,213.5940,198.0910,11.9858,76.7856,4520.4610,4504.5580,4620.0580,4619.1640,97.2450,2.1505
2015-04-22,121.7690,144.6917,224.5017,301.6300,13.6499,82.5288,4637.0550,4632.5890,4740.9330,4739.8140,120.6500,2.6119
2015-04-23,88.0770,139.1068,230.5752,360.3790,11.2874,82.5750,4764.4810,4693.9670,4782.0440,4740.8920,1.0780,0.0227
2015-04-24,122.5740,96.1396,229.6547,189.0950,9.4706,74.2149,4682.6260,4618.3180,4730.4300,4702.6410,-38.2510,-0.8068
2015-04-27,107.8440,120.2484,234.6885,211.4560,12.7977,80.6613,4753.8710,4735.3100,4810.4850,4807.5920,104.9510,2.2317
2015-04-28,135.5110,97.5665,230.7143,219.9420,9.1484,67.9027,4811.3190,4703.5670,4839.0780,4741.8610,-65.7310,-1.3672
2015-04-29,102.1340,85.9191,227.5612,155.1620,7.9902,70.6539,4722.9030,4695.7930,4797.9270,4774.3260,32.4650,0.6846
2015-04-30,69.2400,82.3377,220.5479,10.0720,7.0232,65.5763,4788.4120,4749.4850,4818.7250,4749.8860,-24.4400,-0.5119
2015-05-04,96.5170,67.2338,215.5596,46.8490,9.2964,69.6326,4757.6370,4699.3980,4795.9150,4787.7410,37.8550,0.7970
2015-05-05,214.7580,-4.5099,193.9660,-105.8040,1.8454,40.6472,4785.1920,4572.9830,4785.1920,4596.8370,-190.9040,-3.9874
2015-05-06,189.1480,-64.6037,171.3667,-254.2650,-0.9314,36.4926,4626.2310,4511.7610,4700.9090,4553.3270,-43.5100,-0.9465
2015-05-07,85.8680,-146.3059,145.0677,-271.7720,-1.1462,29.5572,4520.8180,4467.4590,4546.3380,4470.0890,-83.2380,-1.8281
2015-05-08,113.4660,-112.4107,129.8549,-215.9220,-1.3154,43.2814,4515.5540,4445.5920,4559.0580,4558.4040,88.3150,1.9757
2015-05-11,155.8050,-28.9735,126.9964,-59.3540,-1.0397,57.9793,4582.0910,4535.1490,4690.9540,4690.5320,132.1280,2.8986
2015-05-12,87.9880,30.6073,127.8477,-40.3200,0.1377,62.9411,4692.1220,4660.0160,4748.0040,4747.4210,56.8890,1.2128
2015-05-13,79.1570,29.3390,124.7455,121.5990,0.3359,58.7031,4746.7130,4678.8450,4758.0020,4718.4360,-28.9850,-0.6105
2015-05-14,65.1160,17.7763,119.4848,147.4510,-2.2218,55.9491,4717.9550,4670.1680,4735.2840,4700.7780,-17.6580,-0.3742
2015-05-15,108.7280,-38.8808,107.3559,147.3810,-2.6233,44.2074,4690.7550,4592.0500,4690.7550,4617.4700,-83.3080,-1.7722
2015-05-18,58.3220,-66.8055,93.2530,16.7360,-4.1720,39.1923,4582.0580,4565.0610,4623.3830,4575.1400,-42.3300,-0.9167
2015-05-19,164.8650,22.3364,93.5920,40.6900,-0.3929,59.5145,4577.6370,4577.6370,4740.0050,4731.2220,156.0820,3.4115
2015-05-20,111.8780,109.8840,94.6814,7.4980,-0.6855,61.8381,4751.5720,4745.2100,4843.1000,4754.9190,23.6970,0.5009
2015-05-21,95.5860,128.8562,101.3208,122.5400,5.3110,69.4733,4768.6890,4746.0290,4841.6150,4840.9760,86.0570,1.8099
2015-05-22,111.0150,190.6357,114.1716,250.5570,8.7410,76.6595,4895.9250,4870.5980,4951.9910,4951.3350,110.3590,2.2797
2015-05-25,150.7290,206.9787,134.7578,482.0250,14.0804,83.0774,4949.1100,4949.1100,5099.8390,5099.4950,148.1600,2.9923
2015-05-26,136.1490,191.5257,157.2820,623.7780,14.0513,86.1452,5140.7980,5063.1460,5199.2950,5198.9180,99.4230,1.9497
2015-05-27,99.9830,156.2348,171.7421,450.2120,10.4658,82.9711,5216.1700,5126.8610,5226.8440,5181.4340,-17.4840,-0.3363
2015-05-28,381.8540,55.1600,153.3991,79.0880,1.8239,44.1665,5174.1010,4831.3290,5213.1830,4834.0070,-347.4270,-6.7052
2015-05-29,258.7820,-11.2825,137.8239,-0.1470,2.5939,44.7751,4839.5300,4665.5210,4924.3030,4840.8290,6.8220,0.1411
2015-06-01,243.5450,58.3957,142.8248,124.8440,7.9859,61.9465,4862.7560,4835.7740,5079.3190,5076.1790,235.3500,4.8618
2015-06-02,115.4750,93.5695,151.9510,62.3750,11.7900,66.4979,5091.2720,5047.0810,5162.5560,5161.8700,85.6910,1.6881
2015-06-03,127.4720,83.9905,155.9112,-55.3280,12.4248,64.5223,5176.5970,5059.4950,5186.9670,5143.5900,-18.2800,-0.3541
2015-06-04,330.7680,56.5050,160.2547,-0.0180,9.5154,66.9597,5156.0120,4863.4650,5194.2330,5181.4160,37.8260,0.7354
2015-06-05,184.1620,102.2915,165.7512,396.5450,10.0030,70.1557,5254.9050,5104.1780,5288.3400,5230.5520,49.1360,0.9483
2015-06-08,168.0140,135.4319,177.9964,512.9220,10.5924,76.8835,5259.4080,5202.5950,5370.6090,5353.7510,123.1990,2.3554
2015-06-09,129.2180,125.2921,182.6669,241.2820,7.3945,71.2092,5379.4700,5251.2080,5380.4260,5317.4610,-36.2900,-0.6778
2015-06-10,165.1501,104.6801,183.5784,147.2420,4.1105,69.7873,5254.3042,5209.6795,5374.8296,5309.1120,-8.3490,-0.1570
2015-06-11,81.1325,91.9596,181.9993,163.0000,2.0710,69.2858,5305.1407,5248.1626,5329.2951,5306.5900,-2.5220,-0.0475
2015-06-12,68.5622,93.4212,180.9636,153.6991,2.9660,72.0153,5329.2781,5283.0859,5351.6481,5335.1151,28.5251,0.5375
2015-06-15,155.1434,52.9232,168.9999,-9.3855,8.0091,50.5015,5354.0138,5207.3081,5362.4515,5221.1665,-113.9486,-2.1358
2015-06-16,205.9019,-32.3013,145.2288,-288.9298,4.6271,33.8511,5165.0245,5015.2646,5204.3030,5064.8212,-156.3453,-2.9945
2015-06-17,209.0737,-46.4215,130.8535,-178.6303,1.2342,44.2856,5072.3064,4949.2934,5158.3671,5138.8307,74.0095,1.4612
2015-06-18,212.4015,-115.2689,101.4846,-378.5629,-4.4813,28.8936,5107.6946,4926.4292,5121.2184,4930.5491,-208.2816,-4.0531
2015-06-19,295.8582,-226.7128,53.9053,-669.5383,-9.8480,18.1982,4847.0568,4634.6909,4910.4499,4637.0517,-293.4974,-5.9526
2015-06-23,331.6246,-188.9640,27.9029,-549.0245,-7.6297,33.2538,4641.4248,4455.3304,4786.9550,4786.0906,149.0389,3.2141
2015-06-24,139.4259,-100.3015,14.7142,-341.0404,-6.6996,41.4173,4811.5949,4744.3058,4883.7317,4880.1261,94.0355,1.9648
2015-06-25,252.0396,-104.5901,-9.6359,-358.3053,-12.0894,32.5873,4906.2416,4667.2235,4919.2631,4706.5159,-173.6102,-3.5575
2015-06-26,427.8407,-161.5477,-58.1450,-802.6360,-18.4537,21.0823,4573.8723,4278.6752,4650.1861,4336.1947,-370.3212,-7.8683
2015-06-29,450.2398,-166.5142,-107.0269,-739.0005,-21.0499,18.0890,4446.8419,4000.9261,4451.1659,4191.5486,-144.6461,-3.3358
2015-06-30,459.7548,-118.6511,-121.6531,-164.0541,-15.7086,38.4833,4161.0672,4016.0126,4475.7674,4472.9976,281.4490,6.7147
2015-07-01,290.4307,-99.7029,-149.2741,-533.0696,-20.2825,31.1979,4408.9843,4235.6964,4526.1271,4253.0210,-219.9766,-4.9179
2015-07-02,312.1292,-121.5412,-180.7823,-772.1300,-21.3203,27.1340,4287.7344,4000.0612,4312.1904,4107.9961,-145.0249,-3.4099
2015-07-03,378.7274,-133.2041,-221.1237,-820.5990,-23.2763,21.8935,4017.2019,3785.9015,4164.6289,3885.9169,-222.0792,-5.4060
2015-07-06,385.7982,-102.4919,-241.2263,-337.6577,-22.1898,30.1080,4218.2660,3832.4678,4218.2660,3998.5370,112.6201,2.8982
2015-07-07,254.9133,-114.2057,-259.8540,-263.5461,-20.3334,27.9025,3877.8539,3743.6237,3960.6359,3928.0025,-70.5345,-1.7640
2015-07-08,315.7489,-137.0511,-292.6237,-809.9601,-21.0050,20.9760,3651.0604,3612.2536,3762.6222,3663.0375,-264.9650,-6.7455
2015-07-09,392.4381,-101.0826,-296.2497,-355.3947,-18.5635,37.4679,3621.6804,3537.8260,3930.2641,3897.6263,234.5888,6.4042
2015-07-10,291.5605,-37.0966,-279.0477,-1.4400,-15.8514,48.8717,3916.2717,3887.5509,4179.1114,4106.5561,208.9298,5.3604
2015-07-13,205.7315,0.6623,-253.9939,325.8947,-10.5111,53.9488,4132.2308,4072.4297,4278.1612,4211.8116,105.2555,2.5631
2015-07-14,196.0128,2.8565,-239.4206,113.6118,-5.1669,48.4789,4178.6295,4062.5004,4258.5132,4112.1488,-99.6628,-2.3663
2015-07-15,214.7346,-33.6833,-236.8725,38.7560,-5.3629,41.1714,4068.8803,3899.5079,4114.2425,3966.7585,-145.3903,-3.5356
2015-07-16,210.7010,-32.8178,-229.7359,334.3180,-10.6336,43.3287,3949.6390,3856.3213,4067.0223,3997.3555,30.5970,0.7713
2015-07-17,192.8302,33.4375,-209.2304,253.8693,-2.3871,53.6121,4023.7567,4000.2307,4190.1857,4151.4956,154.1401,3.8561
2015-07-20,115.3040,66.3430,-190.0532,54.0559,1.2808,54.2020,4157.0598,4106.3890,4221.6930,4160.6120,9.1164,0.2196
2015-07-21,119.7785,73.9467,-172.4322,-45.8059,7.2078,54.6117,4109.7606,4081.7039,4201.4824,4166.0057,5.3937,0.1296
2015-07-22,92.7189,71.5954,-157.3671,45.0116,3.9670,53.6668,4148.5601,4094.7116,4187.4305,4157.1604,-8.8453,-0.2123
2015-07-23,113.2384,96.4076,-136.3005,284.0465,8.2180,62.0158,4158.9320,4148.8235,4262.0619,4250.8050,93.6446,2.2526
2015-07-24,145.0327,79.3461,-124.1871,178.9232,14.0114,52.9106,4255.1977,4154.6170,4299.6497,4176.2787,-74.5263,-1.7532
2015-07-27,359.1094,-63.6445,-141.8036,-332.7642,-2.0242,28.6737,4097.7963,3817.1693,4156.3128,3818.7314,-357.5473,-8.5614
2015-07-28,256.0247,-157.9778,-154.5990,-349.5194,-7.1949,28.3409,3690.9741,3627.4214,3883.4461,3811.0926,-7.6388,-0.2000
2015-07-29,164.8139,-110.9918,-153.3464,-235.6266,-6.6820,41.1430,3839.9585,3769.1894,3934.0033,3930.3791,119.2865,3.1300
2015-07-30,165.6517,-98.1775,-159.7887,-341.7486,-7.2161,34.0977,3915.7795,3802.8821,3968.5338,3815.4118,-114.9673,-2.9251
2015-07-31,105.6348,-103.7735,-162.9124,-434.1057,-3.7829,34.2490,3777.1546,3757.9889,3863.6237,3816.6993,1.2875,0.0337
2015-08-03,86.6573,-94.9452,-162.5031,-347.0433,-4.2058,35.9667,3766.0719,3742.5781,3829.2354,3829.2354,12.5361,0.3285
2015-08-04,147.4208,-43.4689,-150.8441,129.4240,-4.8980,50.6447,3827.3726,3801.0281,3948.4489,3948.1554,118.9200,3.1056
2015-08-05,103.6176,-41.1126,-146.4725,55.8072,-7.0594,42.6321,3937.6232,3858.6598,3962.2774,3866.8998,-81.2556,-2.0581
2015-08-06,95.4556,-59.3200,-144.1741,-98.5275,-8.0210,39.4051,3802.9280,3793.2370,3888.6926,3831.8516,-35.0482,-0.9064
2015-08-07,94.7972,-27.2712,-134.7400,91.5330,-6.0189,49.2765,3866.4298,3857.9076,3926.6488,3906.9448,75.0932,1.9597
2015-08-10,194.7865,53.3201,-111.6599,267.6653,-3.9155,65.3025,3947.4724,3932.8417,4101.7313,4084.3646,177.4198,4.5411
2015-08-11,68.1291,79.5809,-93.7164,237.4338,-2.6246,62.9231,4083.5887,4042.0037,4110.1328,4066.6692,-17.6954,-0.4332
2015-08-12,62.6750,78.2679,-82.6220,67.9708,5.1691,55.9373,4025.6735,4015.3547,4078.0297,4016.1262,-50.5430,-1.2429
2015-08-13,107.8798,106.5583,-68.2548,208.5632,6.9369,61.8968,4010.0129,3967.8205,4075.7003,4075.4630,59.3368,1.4775
2015-08-14,56.4320,112.7472,-56.3741,241.6884,3.6424,61.5729,4097.9177,4056.7265,4113.1585,4073.5400,-1.9230,-0.0472
2015-08-17,71.7822,79.2789,-46.0778,170.9273,6.8790,62.1089,4058.1129,4009.9896,4081.7718,4077.8721,4.3321,0.1063
2015-08-18,286.5000,-22.4408,-57.6250,-258.9524,0.2283,31.4414,4084.3108,3816.5535,4103.0535,3825.4122,-252.4599,-6.1910
2015-08-19,230.5476,-87.5386,-61.1713,-180.5335,1.4859,39.9935,3748.2663,3668.1924,3898.7400,3886.1357,60.7235,1.5874
2015-08-20,124.6816,-97.7262,-73.1987,-254.6721,-4.7288,30.5912,3848.4034,3761.4541,3880.8240,3761.4541,-124.6816,-3.2084
2015-08-21,183.2792,-182.0203,-95.5019,-485.9272,-7.1728,22.0240,3714.2891,3578.1749,3757.7794,3589.5358,-171.9183,-4.5705
2015-08-24,322.9859,-253.9149,-136.9362,-798.0058,-14.5182,13.6472,3454.5977,3266.5499,3468.1493,3275.5342,-314.0016,-8.7477
2015-08-25,255.9781,-235.0788,-186.3941,-1034.9455,-22.1149,10.1989,3070.0069,3019.5561,3200.1081,3042.9266,-232.6076,-7.1014
2015-08-26,240.9234,-169.2778,-224.3938,-799.7202,-25.9201,9.9748,3062.5660,2952.0082,3192.9316,3025.6920,-17.2346,-0.5664
2015-08-27,181.0318,-114.6112,-237.2538,-680.4982,-21.1729,29.4082,3092.8123,3028.3984,3206.7238,3205.6375,179.9455,5.9473
2015-08-28,147.6060,-69.4632,-233.7248,-419.1678,-16.7784,41.0119,3246.2360,3223.6221,3353.2435,3342.2863,136.6488,4.2628
2015-08-31,162.7424,-57.7209,-226.3620,-222.9999,-17.3950,43.0069,3307.3962,3205.5365,3368.2789,3366.5359,24.2496,0.7255
2015-09-01,179.9256,-50.0351,-218.3690,86.5485,-17.4653,42.6887,3296.5289,3190.5783,3370.5039,3362.0827,-4.4532,-0.1323
2015-09-02,173.3833,-40.0474,-209.3191,322.9052,-17.4611,43.1139,3220.8505,3213.6371,3387.0204,3365.8318,3.7491,0.1115
2015-09-07,181.9819,-36.9823,-209.0447,224.7930,-15.0292,33.8445,3347.2934,3240.2427,3422.2246,3250.4850,-115.3468,-3.4270
2015-09-08,169.4122,-36.1358,-199.7835,128.3858,-14.2072,44.2596,3221.7890,3170.8070,3340.2192,3334.0233,83.5383,2.5700
2015-09-09,96.3613,8.0326,-185.0431,57.0191,-9.6279,51.4302,3344.8238,3330.2896,3426.6509,3399.3054,65.2821,1.9581
2015-09-10,61.9949,17.1129,-174.7157,-8.9749,-6.4625,46.8096,3349.2806,3337.3105,3398.3164,3357.5610,-41.7444,-1.2280
2015-09-11,67.6556,35.8924,-165.4608,-14.8949,2.1875,45.5882,3349.8772,3315.4782,3383.1338,3347.1878,-10.3732,-0.3090
2015-09-14,186.3553,5.5836,-161.5936,-84.7001,7.8282,38.0098,3367.6420,3187.5659,3373.9212,3281.1317,-66.0561,-1.9735
2015-09-15,149.1522,-70.2584,-167.0049,-98.2531,4.1822,27.3596,3208.7440,3131.9795,3240.0789,3152.2319,-128.8998,-3.9285
2015-09-16,214.5474,-13.3969,-156.8158,-24.7749,3.2321,48.4665,3149.1577,3131.3703,3345.9177,3309.2484,157.0165,4.9811
2015-09-17,117.9066,-21.3061,-152.8093,-162.3068,-3.1502,41.7656,3287.6567,3236.9986,3354.9052,3236.9986,-72.2498,-2.1833
2015-09-18,53.0432,-80.4867,-146.7902,-106.2878,-3.4238,43.6139,3254.4432,3227.8338,3280.8770,3251.2732,14.2746,0.4410
2015-09-21,100.6161,-32.9643,-135.8567,-38.9411,-1.6013,51.0544,3222.6029,3211.9336,3312.5497,3308.2467,56.9735,1.7523
2015-09-22,68.2297,65.3997,-123.2866,57.8983,-0.7963,54.9119,3312.3655,3303.1842,3371.4139,3339.0300,30.7833,0.9305
2015-09-23,85.6974,-30.6874,-118.0962,110.7956,0.3859,44.5170,3290.0712,3253.3326,3315.9351,3263.0275,-76.0025,-2.2762
2015-09-24,44.9551,-21.5148,-110.9311,-24.2493,-1.4704,47.9361,3278.8962,3255.9021,3300.8572,3284.9991,21.9716,0.6734
2015-09-25,88.9443,-78.2827,-108.2849,-5.0472,-4.9232,40.6742,3272.6650,3201.9137,3290.8580,3231.9514,-53.0477,-1.6148
2015-09-28,60.0475,-93.3008,-104.1161,-8.5208,-3.4194,42.7917,3226.6072,3186.5066,3246.5541,3242.7524,10.8010,0.3342
2015-09-29,83.7105,-145.7890,-104.7607,-129.3923,-5.0291,34.1408,3197.2209,3159.0419,3208.4165,3178.8544,-63.8980,-1.9705
2015-09-30,45.0532,-93.3651,-102.1499,-136.0825,-2.3828,39.6602,3195.9010,3186.7670,3223.9076,3202.9475,24.0931,0.7579
2015-10-08,134.3831,98.1183,-91.4789,33.4545,4.5761,56.6033,3324.9810,3294.6049,3337.3306,3296.4820,93.5345,2.9203
2015-10-09,58.4144,117.8132,-78.5951,55.1168,0.9328,62.4982,3302.3596,3293.9650,3352.3794,3340.1159,43.6339,1.3237
2015-10-12,146.5147,235.4139,-59.0237,215.7420,6.5090,73.2489,3351.1391,3347.2512,3486.6306,3447.6934,107.5775,3.2208
2015-10-13,38.0779,175.6806,-43.2287,202.2907,5.9598,72.6333,3422.4772,3413.9674,3452.0453,3445.0431,-2.6503,-0.0769
2015-10-14,55.4710,123.8702,-33.4667,227.2572,2.9582,63.2619,3431.1352,3403.2305,3458.7015,3406.1116,-38.9315,-1.1301
2015-10-15,84.4988,128.3964,-18.9992,283.8675,4.4260,72.1882,3403.3891,3402.3162,3486.8150,3486.8150,80.7034,2.3694
2015-10-16,50.7237,143.4849,-3.6785,237.5833,8.3063,76.2435,3508.5177,3487.1044,3537.5387,3534.0653,47.2503,1.3551
2015-10-19,70.4900,122.7447,8.3762,194.0662,7.5855,76.2538,3548.9525,3502.5045,3572.9945,3534.1821,0.1168,0.0033
2015-10-20,67.3613,111.2794,21.1970,130.0093,10.6979,80.1007,3527.8750,3510.4368,3577.7981,3577.7027,43.5206,1.2314
2015-10-21,183.8311,67.3922,22.6682,28.2113,7.1082,54.6184,3580.8378,3417.4123,3601.2434,3473.2544,-104.4483,-2.9194
2015-10-22,88.4592,61.4703,27.6532,118.4223,10.8743,61.7815,3453.2013,3442.3065,3530.7657,3524.5339,51.2795,1.4764
2015-10-23,66.0146,91.9481,34.9696,84.4261,11.4986,67.4048,3536.8425,3515.8216,3581.8362,3571.2411,46.7072,1.3252
2015-10-26,59.5642,108.8599,41.7408,55.1958,8.8816,69.4836,3614.7023,3561.1922,3620.7564,3589.2611,18.0200,0.5046
2015-10-27,114.9509,78.1506,46.8588,58.6973,7.5675,69.9454,3569.4486,3486.1020,3601.0529,3592.8794,3.6183,0.1008
2015-10-28,80.9613,59.5099,44.9134,-52.7828,2.2399,52.1551,3575.8048,3517.2104,3598.1717,3524.9199,-67.9595,-1.8915
2015-10-29,53.8483,35.5532,43.5464,60.0521,2.5620,53.8918,3539.9777,3507.9657,3561.8140,3533.3065,8.3866,0.2379
2015-10-30,76.9056,29.8639,42.0407,9.5449,3.7570,54.0760,3530.2233,3497.5677,3574.4733,3534.0788,0.7723,0.0219
2015-11-02,68.7385,-47.4045,35.7459,-95.2788,-0.3112,39.7395,3489.2252,3474.7116,3543.4501,3475.9623,-58.1165,-1.6445
2015-11-03,49.0837,-117.4259,29.5715,-123.7684,-1.9403,37.5854,3484.7218,3452.6203,3501.7040,3465.4927,-10.4696,-0.3012
2015-11-04,163.0450,110.8232,37.4035,35.6583,2.6698,68.9941,3477.1592,3477.1592,3628.5377,3628.5377,163.0450,4.7048
2015-11-05,154.1076,282.7999,49.2903,181.0498,3.5852,75.9044,3630.7817,3627.3009,3781.4085,3705.9697,77.4320,2.1340
2015-11-06,107.0483,243.9605,65.0140,260.0674,9.2167,81.4918,3698.3420,3694.6567,3801.7050,3793.3739,87.4042,2.3585
2015-11-09,98.3991,213.8457,80.3400,306.2759,8.9606,83.8999,3796.3792,3796.3792,3891.7730,3840.3547,46.9808,1.2385
2015-11-10,77.6687,148.9880,90.8643,357.2756,7.3363,81.9614,3806.6685,3798.8214,3876.4901,3833.2379,-7.1168,-0.1853
2015-11-11,61.7019,108.3644,98.1069,368.1530,6.8088,81.9900,3828.4476,3781.4102,3843.1121,3833.6457,0.4078,0.0106
2015-11-12,72.6254,82.3021,99.6062,166.7864,5.6346,69.5498,3841.7376,3771.2743,3843.8997,3795.3241,-38.3216,-0.9996
2015-11-13,67.7394,49.2617,95.7305,40.2725,6.2788,56.3979,3756.2044,3727.5847,3793.7134,3746.2422,-49.0819,-1.2932
2015-11-16,84.3353,33.4925,93.0296,-29.2477,6.5327,59.7277,3682.7349,3680.0734,3764.4087,3764.1262,17.8840,0.4774
2015-11-17,102.6178,54.0129,89.3955,-81.9678,6.3470,58.0213,3790.4261,3750.1565,3852.7743,3758.3869,-5.7393,-0.1525
2015-11-18,65.5364,16.9070,82.1147,-117.6583,6.8936,46.2061,3760.4555,3706.3103,3771.8467,3715.5796,-42.8073,-1.1390
2015-11-19,60.5570,25.7607,80.2123,-58.6767,8.9302,59.8260,3725.6220,3714.6750,3775.2320,3774.9690,59.3894,1.5984
2015-11-20,36.5183,34.1103,77.7609,-20.9408,4.0194,59.6472,3778.8843,3757.0264,3793.5447,3774.3833,-0.5857,-0.0155
2015-11-23,59.4463,8.3472,73.2751,7.0929,1.2781,52.8400,3774.4356,3743.4050,3802.8513,3753.3351,-21.0482,-0.5577
2015-11-24,51.4319,-72.1616,68.9697,-10.2375,-1.0409,53.0093,3745.7607,3702.7369,3754.1688,3753.8887,0.5536,0.0147
2015-11-25,46.1408,-23.7194,67.0216,23.2200,-1.5297,61.3449,3747.7594,3735.7162,3781.8570,3781.6069,27.7182,0.7384
2015-11-26,49.0201,-8.2367,62.9624,43.8490,-1.9255,52.4171,3795.2454,3756.8234,3805.8435,3759.4286,-22.1783,-0.5865
2015-11-27,225.0382,-291.3590,42.9158,-217.9766,-7.2165,20.2065,3739.0958,3534.3904,3742.7417,3556.9924,-202.4362,-5.3848
2015-11-30,132.9024,-274.0336,27.4722,-207.9711,-6.0314,22.8537,3554.8900,3455.0679,3587.9703,3566.4122,9.4198,0.2648
2015-12-01,81.1898,-150.0373,17.0763,-161.6391,-4.1254,30.3012,3562.3186,3536.1156,3617.3054,3591.6960,25.2838,0.7089
2015-12-02,152.4517,-41.1014,19.1278,-31.9342,-1.1204,56.3516,3587.7576,3573.4025,3725.8542,3721.9545,130.2585,3.6267
2015-12-03,65.3087,22.9364,22.6984,-32.3084,-0.2418,60.1075,3709.5469,3693.1370,3758.4457,3749.2985,27.3440,0.7347
2015-12-04,82.0074,-18.9112,19.5171,-81.8364,-1.0224,47.2995,3719.7338,3667.2911,3726.1236,3677.5922,-71.7063,-1.9125
2015-12-07,40.7592,-20.7780,17.6011,130.6149,-2.3142,49.1167,3681.5817,3658.5778,3699.3370,3687.6073,10.0151,0.2723
2015-12-08,68.1624,-59.6445,10.7471,56.6080,-4.0103,38.7708,3668.8385,3619.4449,3668.8385,3623.0202,-64.5871,-1.7515
2015-12-09,43.6681,-54.1920,6.2852,44.2422,-3.1278,41.7173,3613.4203,3611.4904,3655.1585,3635.9382,12.9180,0.3566
2015-12-10,62.3272,-41.1170,1.6924,-98.8703,-3.4845,39.4505,3634.3660,3615.9911,3678.3183,3623.0842,-12.8540,-0.3535
2015-12-11,52.5972,-67.6684,-3.1238,-141.2398,-4.5893,36.6564,3605.3723,3578.1463,3630.7435,3608.0587,-15.0255,-0.4147
2015-12-14,141.5048,7.0902,1.3759,33.7298,-1.2796,60.0126,3573.8838,3570.9978,3712.5026,3711.3220,103.2633,2.8620
2015-12-15,38.1276,59.3891,3.5348,6.7812,3.8627,55.9528,3707.7304,3679.2297,3717.3573,3694.3885,-16.9335,-0.4563
2015-12-16,35.6402,69.0449,4.4721,62.4196,3.3375,53.6512,3703.9503,3677.4495,3713.0897,3685.4398,-8.9487,-0.2422
2015-12-17,83.4037,129.0346,10.7753,119.9499,4.5714,66.6220,3712.7833,3709.8511,3768.8435,3755.8881,70.4483,1.9115
2015-12-18,59.2930,162.9413,16.5501,144.8286,1.2348,68.4315,3754.9603,3750.9250,3810.2180,3767.9128,12.0247,0.3202
2015-12-21,117.8310,205.9922,28.7078,257.9063,3.1117,79.3735,3762.0970,3759.9890,3877.8200,3865.9650,98.0522,2.6023
2015-12-22,38.8746,176.6589,38.7649,165.4105,5.4150,80.2744,3872.0975,3841.5929,3880.4675,3876.7325,10.7675,0.2785
2015-12-23,63.7211,150.8359,45.3768,171.9929,4.8480,76.4235,3877.8722,3862.9646,3926.6857,3866.3814,-10.3511,-0.2670
2015-12-24,80.5950,82.2659,47.0901,143.9624,5.6964,63.3876,3858.1348,3787.0836,3867.6786,3829.4022,-36.9792,-0.9564
2015-12-25,34.8207,73.7184,48.5977,82.3129,5.5629,65.0879,3832.0849,3813.2040,3848.0247,3838.2010,8.7988,0.2298
2015-12-28,125.7575,18.0868,40.4047,-40.2812,2.8856,38.2796,3847.5323,3727.6316,3853.3891,3727.6316,-110.5694,-2.8808
2015-12-29,51.5715,-10.2454,36.2568,-104.0905,4.2631,46.4729,3723.0498,3710.4803,3762.0518,3761.8745,34.2429,0.9186
2015-12-30,39.3790,-12.0914,32.8572,-111.5573,1.4511,47.2824,3762.9141,3726.2780,3765.6570,3765.1752,3.3007,0.0877
2015-12-31,45.2919,-36.8980,27.0933,-135.3767,0.9911,39.8044,3760.9039,3727.3247,3772.6166,3731.0047,-34.1705,-0.9075
2016-01-04,262.0562,-228.1316,1.3734,-360.3360,-5.8710,16.2146,3725.8561,3468.9485,3726.2446,3469.0662,-261.9385,-7.0206
2016-01-05,140.9371,-244.5133,-18.0183,-359.4213,-7.3780,18.3675,3382.1769,3377.2799,3518.2170,3478.7797,9.7135,0.2800
2016-01-06,75.2728,-150.5537,-28.1376,-187.8234,-6.0539,31.6152,3482.4064,3468.4666,3543.7394,3539.8082,61.0285,1.7543
2016-01-07,255.0708,-174.3734,-55.3231,-467.4906,-14.7850,17.7300,3481.1499,3284.7374,3481.1499,3294.3839,-245.4243,-6.9333
2016-01-08,180.9201,-135.5328,-70.6328,-403.6120,-13.2888,28.1022,3371.8710,3237.9307,3418.8508,3361.5632,67.1793,2.0392
2016-01-11,169.1133,-136.2738,-95.3132,-538.5548,-17.4305,20.3514,3303.1246,3192.4499,3342.4807,3192.4499,-169.1133,-5.0308
2016-01-12,67.7035,-122.2341,-111.7080,-253.3563,-16.0258,23.8193,3214.8234,3174.5497,3242.2532,3215.7099,23.2600,0.7286
2016-01-13,101.4166,-111.6515,-128.0528,-322.9010,-17.7771,20.9973,3240.4838,3155.8787,3257.2953,3155.8787,-59.8312,-1.8606
2016-01-14,154.6187,-100.7395,-134.1588,-318.2368,-13.5759,31.6643,3076.6445,3072.0389,3226.6576,3221.5714,65.6927,2.0816
2016-01-15,120.5192,-96.0578,-145.6176,-175.6538,-17.0964,25.2577,3200.8880,3101.0522,3216.7977,3118.7301,-102.8413,-3.1923
2016-01-18,98.8894,-92.1347,-151.9788,-230.8343,-16.8504,27.3166,3068.2348,3066.7270,3165.6164,3130.7289,11.9988,0.3847
2016-01-19,108.6917,-62.4934,-147.8600,30.6752,-13.6124,42.0642,3132.7047,3119.2163,3227.9080,3223.1251,92.3962,2.9513
2016-01-20,71.5237,-57.1679,-146.8366,-41.3318,-8.4947,37.2758,3204.2183,3154.4259,3225.9496,3174.3781,-48.7470,-1.5124
2016-01-21,121.1927,-80.8681,-151.7829,-74.5333,-11.4245,29.5675,3136.3841,3081.3454,3202.5381,3081.3454,-93.0327,-2.9307
2016-01-22,78.2127,-90.8862,-151.3664,-108.1088,-12.0443,35.1252,3114.8950,3053.9581,3132.1708,3113.4626,32.1172,1.0423
2016-01-25,44.2318,-69.3591,-148.0848,10.1559,-5.0236,37.9468,3129.0279,3105.1004,3149.3322,3128.8860,15.4234,0.4954
2016-01-26,194.2391,-185.3925,-158.8534,-190.2204,-12.5256,23.1741,3099.5957,2934.6469,3106.5302,2940.5085,-188.3775,-6.0206
2016-01-27,124.2539,-217.6228,-166.2903,-292.7732,-8.2099,22.6047,2953.1826,2839.2899,2963.5438,2930.3519,-10.1566,-0.3454
2016-01-28,100.0424,-191.7573,-176.3320,-320.6219,-11.2558,18.4930,2909.3341,2841.8442,2941.8866,2853.7562,-76.5957,-2.6139
2016-01-29,111.5531,-119.9246,-174.8244,-135.2552,-6.6475,35.4721,2855.5983,2854.3712,2965.3093,2946.0902,92.3340,3.2355
2016-02-01,76.5288,-104.2588,-175.2440,-212.4149,-9.9493,31.6166,2939.0401,2869.5614,2944.5172,2901.0477,-45.0425,-1.5289
2016-02-02,71.3781,-65.9588,-168.7665,-167.5523,-5.0468,41.7800,2901.5284,2901.5119,2972.4258,2961.3337,60.2860,2.0781
2016-02-03,51.4355,-60.4037,-162.7810,8.1301,-5.8162,40.2676,2931.2883,2909.8982,2954.7100,2948.6386,-12.6951,-0.4287
2016-02-04,50.5675,-27.3676,-153.3550,54.4079,-7.3955,46.8379,2960.3335,2960.2065,2999.2061,2984.7598,36.1212,1.2250
2016-02-05,25.5126,-28.5516,-145.8951,110.0332,-6.6340,43.5042,2982.0563,2962.8471,2988.3597,2963.7894,-20.9704,-0.7026
2016-02-15,77.7711,-52.0223,-139.7507,0.6164,-4.3695,40.6742,2888.4277,2886.0183,2961.4926,2946.7066,-17.0828,-0.5764
2016-02-16,95.3820,33.4739,-126.1383,135.9876,-2.4547,58.0073,2962.1871,2962.1871,3042.0886,3037.0353,90.3287,3.0654
2016-02-17,38.7387,86.0532,-111.9391,101.9862,-2.0955,61.8949,3034.0902,3027.0458,3065.7845,3063.3199,26.2846,0.8655
2016-02-18,43.6722,109.6073,-100.3062,105.0599,3.8493,59.4763,3079.5272,3049.8407,3093.5129,3053.6985,-9.6214,-0.3141
2016-02-19,33.3341,109.1134,-90.2176,66.8252,4.1372,58.8699,3047.9417,3032.6336,3065.9677,3051.5850,-2.1135,-0.0692
2016-02-22,76.6219,147.6054,-75.9181,155.0781,9.2899,70.3989,3083.9325,3071.3289,3128.2069,3118.8675,67.2825,2.2048
2016-02-23,57.7915,106.3732,-66.2032,142.6566,4.8632,61.3497,3117.2027,3061.4294,3119.2209,3089.3632,-29.5043,-0.9460
2016-02-24,54.2943,92.7239,-56.2274,72.5101,7.1870,65.0386,3077.6062,3055.2511,3109.5454,3109.5454,20.1822,0.6533
2016-02-25,204.0889,-36.6168,-62.9910,-144.5698,-1.4380,31.2274,3104.4097,2905.4565,3104.4357,2918.7501,-190.7953,-6.1358
2016-02-26,61.4371,-85.7708,-65.2365,-105.6679,-0.0206,37.2363,2942.0954,2902.9480,2964.3851,2948.0306,29.2805,1.0032
2016-02-29,126.8157,-138.5541,-71.8813,-174.1184,-3.5947,29.7254,2939.5802,2821.2149,2939.8745,2877.4666,-70.5640,-2.3936
2016-03-01,87.1133,-95.5574,-72.0222,-188.1738,-1.1167,40.5752,2881.3353,2863.3228,2950.4361,2930.6937,53.2271,1.8498
2016-03-02,124.0300,6.8887,-61.6882,-38.0305,3.5506,58.1490,2933.9209,2933.1162,3054.7237,3051.3327,120.6390,4.1164
2016-03-03,38.1974,50.6410,-52.3233,-51.1235,0.7042,59.0039,3050.3886,3040.2463,3078.4437,3058.4219,7.0892,0.2323
2016-03-04,69.2321,60.8613,-41.5605,175.1394,0.9979,63.4825,3047.5371,3032.4235,3101.6556,3093.8895,35.4676,1.1597
2016-03-07,47.3189,83.5208,-31.7809,156.8091,1.6747,64.9030,3108.9994,3083.5843,3130.9032,3104.8397,10.9502,0.3539
2016-03-08,107.4214,44.5252,-23.5307,230.2061,1.8380,65.3218,3100.1492,3001.8285,3109.2499,3107.6727,2.8330,0.0912
2016-03-09,87.5392,26.3395,-19.6518,141.2133,-1.5057,55.3212,3045.9238,3020.1335,3072.9156,3071.9070,-35.7657,-1.1509
2016-03-10,61.4694,4.2567,-21.0764,-38.1870,-2.4671,42.4947,3056.2104,3012.6908,3074.1602,3013.1457,-58.7613,-1.9129
2016-03-11,44.2646,-15.6482,-21.5423,-40.1375,-2.9349,43.8607,2990.2135,2982.1722,3026.4368,3018.2844,5.1387,0.1705
2016-03-14,88.5158,56.5108,-17.8803,-28.1991,5.0344,55.5492,3039.5689,3033.9997,3106.8002,3065.6904,47.4060,1.5706
2016-03-15,48.5065,50.6126,-14.0823,-30.0601,4.2994,57.5812,3061.3427,3028.5781,3077.0846,3074.7796,9.0892,0.2965
2016-03-16,35.8309,72.1707,-9.7294,-17.6399,7.3873,61.1570,3068.8664,3064.5209,3100.3518,3090.0328,15.2532,0.4961
2016-03-17,70.2696,104.0654,-3.4822,52.2969,6.6029,68.3333,3096.8076,3077.5717,3147.8413,3124.2039,34.1711,1.1058
2016-03-18,73.4641,181.6993,5.2618,158.8173,3.9534,75.8243,3136.2230,3130.1020,3197.6680,3171.9630,47.7591,1.5287
2016-03-21,95.8121,243.2051,18.2328,231.1528,6.2456,83.4469,3203.2929,3198.3608,3267.7751,3249.4372,77.4742,2.4425
2016-03-22,30.9496,168.9727,26.3012,160.0999,4.2633,74.8078,3231.6146,3218.7276,3249.6772,3225.7903,-23.6469,-0.7277
2016-03-23,39.2707,127.2372,33.1447,161.3128,4.2274,76.1013,3217.7288,3202.9759,3242.2466,3236.0924,10.3021,0.3194
2016-03-24,54.2796,76.6626,33.8016,91.8179,2.3869,57.4607,3211.4960,3181.8128,3221.9061,3181.8507,-54.2417,-1.6761
2016-03-25,30.1244,62.5675,35.2048,73.6130,4.0988,60.8482,3176.8101,3174.3179,3204.4423,3197.8169,15.9662,0.5018
2016-03-28,67.7455,49.7044,33.6623,-2.2347,5.1966,52.0912,3206.9532,3161.8782,3229.6237,3169.7283,-28.0886,-0.8784
2016-03-29,55.3143,5.6949,29.3325,-114.0274,3.8805,43.0150,3171.3138,3122.7605,3178.0748,3135.4098,-34.3185,-1.0827
2016-03-30,81.2657,51.2496,32.0568,-9.5150,4.9119,61.8235,3161.2886,3161.2886,3216.6755,3216.2753,80.8655,2.5791
2016-03-31,33.2619,73.1013,33.9704,-18.0045,4.6608,62.1594,3229.1995,3208.6649,3241.9268,3218.0879,1.8126,0.0564
2016-04-01,56.7569,40.9504,35.3863,40.0441,4.2673,62.9804,3213.6740,3165.8555,3222.6124,3221.8948,3.8069,0.1183
2016-04-05,66.7236,108.0083,39.4899,66.6689,4.4902,71.3313,3211.3046,3205.2065,3271.9301,3264.4858,42.5910,1.3219
2016-04-06,31.4439,114.5901,41.6998,87.7993,2.6975,68.3103,3250.5215,3236.1961,3267.6400,3257.5276,-6.9582,-0.2131
2016-04-07,62.1759,50.7016,39.1081,73.8804,-1.2355,50.5135,3266.2883,3208.6443,3270.8202,3209.2902,-48.2374,-1.4808
2016-04-08,45.9852,-77.3538,34.7521,-30.5495,-1.2420,43.8209,3189.8456,3163.3050,3197.7736,3185.7258,-23.5644,-0.7343
2016-04-11,65.8459,58.1857,34.4827,12.0078,-0.1853,56.7641,3213.5070,3213.5070,3251.5717,3230.0957,44.3699,1.3928
2016-04-12,33.3615,20.3026,32.9496,-3.4451,1.1502,52.9236,3227.3673,3198.9027,3232.2642,3218.4497,-11.6460,-0.3605
2016-04-13,78.0731,136.3177,34.7979,-3.1027,1.9878,63.7680,3237.8575,3237.8575,3296.5228,3261.3831,42.9334,1.3340
2016-04-14,34.0217,126.3034,37.0020,18.3045,3.3474,66.8518,3277.0982,3252.0499,3286.0716,3275.8321,14.4490,0.4430
2016-04-15,21.2547,109.9802,38.0180,62.9151,4.3629,65.1808,3279.8566,3261.7299,3282.9846,3272.2053,-3.6268,-0.1107
2016-04-18,50.5430,18.3595,34.8904,42.7273,0.3786,47.8621,3252.6706,3221.6623,3252.6706,3228.4531,-43.7522,-1.3371
2016-04-19,29.1480,11.3810,32.8282,8.2072,0.6282,51.3539,3243.9712,3221.5773,3250.7253,3238.3029,9.8498,0.3051
2016-04-20,141.0525,-156.5814,26.2694,-37.4233,-1.2685,34.9980,3244.1419,3107.3693,3248.4218,3181.0264,-57.2765,-1.7687
2016-04-21,47.6175,-143.1590,19.2021,-100.7798,-3.1822,30.8006,3160.7958,3150.9395,3198.5570,3160.6033,-20.4231,-0.6420
2016-04-22,37.3872,-135.2386,14.5868,-100.9309,-2.5365,37.1347,3142.5611,3137.9927,3175.3799,3174.9012,14.2979,0.4524
2016-04-25,37.7882,-117.4199,9.7781,-110.1722,-1.4725,33.7939,3164.7384,3137.1130,3172.2694,3162.0331,-12.8681,-0.4053
2016-04-26,30.6913,-77.7890,7.2654,-49.2926,-0.2061,42.1118,3159.7706,3150.4041,3181.0954,3179.1605,17.1274,0.5417
2016-04-27,26.1350,-63.2962,4.1574,-72.3873,-1.9869,37.7147,3181.9305,3162.6914,3188.8264,3165.9156,-13.2449,-0.4166
2016-04-28,39.1237,-83.2437,1.2495,-20.4455,-1.7980,35.9028,3169.3333,3135.6425,3174.7662,3160.5809,-5.3347,-0.1685
2016-04-29,21.8921,-69.4554,-1.3491,-3.8582,-3.2084,34.4738,3153.5371,3149.3966,3171.2887,3156.7451,-3.8358,-0.1214
2016-05-03,67.0805,-9.4932,1.1610,38.6385,-1.9016,61.6177,3159.8230,3151.4045,3218.4850,3213.5397,56.7946,1.7992
2016-05-04,24.5897,26.7678,2.7891,47.4283,-1.9175,59.4941,3203.4653,3198.2919,3222.8816,3209.4614,-4.0783,-0.1269
2016-05-05,20.7159,39.4420,4.3885,34.7594,-0.4502,61.2463,3204.1686,3196.5661,3217.2820,3213.9199,4.4585,0.1389
2016-05-06,86.7461,-68.8692,-1.0746,-35.5612,-3.3335,31.0432,3213.1358,3130.1469,3216.8930,3130.3544,-83.5655,-2.6001
2016-05-09,75.3487,-262.7814,-10.5070,-94.9655,-3.6281,21.2851,3115.4301,3055.0057,3115.4301,3065.6154,-64.7390,-2.0681
2016-05-10,29.5414,-231.8162,-17.4983,-87.6327,-2.8947,22.8569,3055.2119,3055.1831,3084.7245,3069.1124,3.4970,0.1141
2016-05-11,39.7885,-143.7304,-21.6838,-130.7311,-2.9006,29.4757,3080.6361,3063.0883,3102.8768,3082.8086,13.6962,0.4463
2016-05-12,60.3261,-121.1106,-24.1313,-119.3242,-2.2737,33.1581,3059.3831,3035.0228,3095.3489,3090.1372,7.3286,0.2377
2016-05-13,38.4045,-87.8298,-26.9866,-138.9848,-3.2784,29.3441,3081.6797,3064.6910,3103.0955,3074.9351,-15.2021,-0.4920
2016-05-16,41.8935,-72.8758,-27.2909,-35.0459,-2.2302,40.3738,3064.5261,3053.6619,3095.5554,3095.3085,20.3734,0.6626
2016-05-17,31.7423,-54.9298,-27.9589,20.4095,-2.3589,37.1986,3095.5229,3073.4590,3105.2013,3086.0249,-9.2836,-0.2999
2016-05-18,46.5631,-80.3195,-29.5986,-1.0766,-2.8102,31.4476,3071.5292,3039.4618,3072.6122,3068.0358,-17.9891,-0.5829
2016-05-19,28.8320,-60.8855,-30.9876,-20.3084,-4.7001,29.7493,3060.3426,3058.1450,3086.9770,3062.5002,-5.5356,-0.1804
2016-05-20,37.0147,-59.0864,-30.4688,-11.9189,-4.0893,40.6674,3047.7778,3041.5169,3078.5316,3078.2183,15.7181,0.5132
2016-05-23,21.9743,-23.4104,-28.9969,12.2874,-3.9421,46.3945,3078.5150,3076.5039,3098.4782,3087.2225,9.0042,0.2925
2016-05-24,34.6320,-61.2010,-29.4011,-31.7529,-2.1339,35.5663,3083.2441,3052.5905,3083.2571,3063.5556,-23.6669,-0.7666
2016-05-25,34.2325,-64.1758,-29.7282,-26.7990,-0.2084,33.8328,3079.7486,3054.8697,3089.1022,3059.2259,-4.3297,-0.1413
2016-05-26,45.0800,-145.8995,-29.2480,-3.8247,-0.1597,38.0076,3056.6004,3027.4440,3072.5240,3064.2111,4.9852,0.1630
2016-05-27,21.5769,-71.9411,-28.6750,-0.0009,-0.6588,37.0445,3059.7320,3052.1793,3073.7562,3062.4993,-1.7118,-0.0559
2016-05-30,37.5966,-83.2792,-27.5634,-11.5088,-0.7581,41.4251,3056.3138,3037.6647,3075.2613,3066.7095,4.2102,0.1375
2016-05-31,104.2165,291.5197,-18.1739,82.3373,3.0773,80.7306,3068.5964,3068.5964,3170.9260,3169.5598,102.8503,3.3538
2016-06-01,21.9751,263.4346,-11.3292,96.9914,2.1077,75.4095,3172.9619,3159.8175,3181.7926,3160.5470,-9.0128,-0.2844
2016-06-02,17.7586,171.3186,-5.3148,107.8738,2.6272,76.7467,3158.0259,3151.0654,3168.8240,3167.0997,6.5527,0.2073
2016-06-03,39.6612,154.3533,1.2310,125.1144,3.9533,80.9607,3172.9460,3162.0880,3201.7492,3189.3255,22.2258,0.7018
2016-06-06,28.6664,115.2128,5.5048,116.2890,3.7972,73.3938,3192.7793,3168.5540,3197.2204,3178.7883,-10.5372,-0.3304
2016-06-07,18.4375,89.9525,8.6521,110.3441,3.2108,72.0632,3182.4374,3168.1792,3186.6167,3177.0536,-1.7347,-0.0546
2016-06-08,28.7019,60.1287,9.9770,-5.5734,2.4865,61.9165,3171.8134,3148.3517,3174.9719,3163.9864,-13.0672,-0.4113
2016-06-13,98.2190,-36.0031,3.1119,-94.2057,0.0909,27.3654,3134.0453,3065.7674,3145.6057,3066.3413,-97.6451,-3.0861
2016-06-14,23.0941,-63.4952,-1.5330,-91.1163,0.5478,31.8704,3058.4433,3055.6553,3078.7494,3075.9834,9.6421,0.3144
2016-06-15,86.4405,-33.3983,-1.9331,-72.9573,1.7021,48.0612,3043.9577,3042.2328,3128.6733,3116.3682,40.3848,1.3129
2016-06-16,26.8905,-33.7222,-3.9551,-84.1135,1.0506,41.6769,3104.3619,3089.4777,3112.4755,3094.6748,-21.6934,-0.6961
2016-06-17,36.3737,-21.7834,-4.2432,-66.6964,1.4233,47.7033,3096.0901,3096.0901,3131.0485,3110.3572,15.6824,0.5068
2016-06-20,29.0127,-38.6237,-4.2357,-51.3120,-1.7947,48.6442,3114.9064,3089.7127,3118.7254,3112.6744,2.3172,0.0745
2016-06-21,57.5525,-26.6232,-4.6886,39.9762,-1.7158,45.9242,3124.8984,3097.9402,3155.4927,3106.3175,-6.3569,-0.2042
2016-06-22,37.0689,-20.8153,-2.7849,57.9777,-1.0463,58.1390,3100.4496,3096.9919,3134.0608,3133.9611,27.6436,0.8899
2016-06-23,31.4800,-25.5644,-2.5894,0.9486,-2.2578,49.9817,3129.7207,3102.4811,3129.7207,3117.3168,-16.6443,-0.5311
2016-06-24,96.5740,-92.4855,-5.6104,-17.5194,-3.1972,35.5423,3110.6465,3033.9651,3130.5391,3077.1554,-40.1614,-1.2883
2016-06-27,55.6741,-39.4473,-4.4522,10.1871,-1.7787,53.1057,3065.1280,3064.9664,3120.6405,3120.5443,43.3889,1.4100
2016-06-28,39.7289,39.1411,-2.2291,23.7269,-0.8718,58.1113,3107.3979,3099.7012,3139.4301,3136.4013,15.8570,0.5081
2016-06-29,21.6749,137.7348,0.7337,45.0723,2.7736,62.6352,3142.4842,3139.1325,3158.0762,3151.3898,14.9885,0.4779
2016-06-30,15.5218,164.6540,3.2486,19.9599,2.5337,63.4355,3152.8331,3148.1987,3163.7205,3153.9210,2.5312,0.0803
2016-07-01,21.9635,141.9614,5.2042,36.8835,1.2140,63.5389,3156.9320,3148.2948,3170.2583,3154.2003,0.2793,0.0089
2016-07-04,76.5783,180.8878,10.7052,127.5408,3.5552,77.4027,3136.3852,3134.0233,3210.6016,3204.6962,50.4959,1.6009
2016-07-05,18.7073,180.5935,15.1074,86.8384,3.1194,77.9383,3199.1572,3197.9956,3216.7029,3207.3827,2.6865,0.0838
2016-07-06,34.0647,138.7258,19.1358,80.4022,3.3453,79.9390,3197.6249,3183.4511,3217.5158,3216.8035,9.4208,0.2937
2016-07-07,30.4169,116.0355,21.5275,58.5644,3.3363,74.0780,3206.5507,3190.1235,3220.5404,3209.9542,-6.8493,-0.2129
2016-07-08,25.9948,79.1273,21.7461,38.3594,1.8609,60.3719,3199.7542,3183.9594,3204.9283,3192.2804,-17.6738,-0.5506
2016-07-11,43.6819,97.1697,22.5511,49.1295,2.7592,65.2021,3199.0383,3197.6255,3235.9623,3203.3298,11.0494,0.3461
2016-07-12,73.1704,133.0604,28.4970,68.4861,6.3704,81.9201,3201.9062,3200.3034,3273.4738,3273.1823,69.8525,2.1806
2016-07-13,29.2160,160.5615,33.6033,75.4854,5.2018,83.2584,3274.0202,3271.7752,3300.9912,3282.8681,9.6858,0.2959
2016-07-14,23.8028,129.0532,36.7342,59.9602,4.4753,78.8445,3277.4816,3259.0653,3281.9503,3276.7637,-6.1044,-0.1859
2016-07-15,19.7354,120.9805,38.7297,66.3233,3.9629,78.4470,3278.8357,3265.2906,3285.0260,3276.2775,-0.4862,-0.0148
2016-07-18,29.8716,85.7906,38.7146,69.7418,3.4275,66.6286,3269.7077,3251.7659,3281.6375,3262.0222,-14.2553,-0.4351
2016-07-19,38.5316,43.0074,37.1616,44.9043,2.9812,56.7119,3260.4349,3226.1987,3264.7303,3248.2341,-13.7881,-0.4227
2016-07-20,22.2508,25.3620,34.6736,-35.5772,1.0269,49.8486,3246.8626,3232.2568,3254.5076,3237.6051,-10.6290,-0.3272
2016-07-21,33.7688,42.1131,33.5191,-30.3454,1.4074,58.3398,3238.3367,3238.3034,3271.3739,3252.5227,14.9176,0.4608
2016-07-22,32.8757,-15.7387,30.0500,-51.6016,0.2598,42.5019,3251.2420,3220.8937,3253.7694,3225.1621,-27.3606,-0.8412
2016-07-25,25.6483,-28.6062,27.4461,-45.3925,0.6521,46.1699,3220.1658,3218.1419,3243.7902,3230.8850,5.7229,0.1774
2016-07-26,41.7382,35.7053,28.1807,7.5660,2.4217,64.5321,3228.2340,3228.0075,3269.7457,3269.5882,38.7032,1.1979
2016-07-27,119.1019,-91.3294,24.3392,-29.9911,0.4656,41.8213,3270.0837,3157.4093,3276.5112,3218.2430,-51.3452,-1.5704
2016-07-28,40.5120,-106.6292,21.2829,-16.4686,-1.5901,43.1737,3204.4645,3195.2696,3235.7816,3221.1365,2.8935,0.0899
2016-07-29,26.7345,-133.4426,17.2732,-48.5923,-2.4045,37.0311,3217.1923,3198.6839,3225.4184,3203.9304,-17.2061,-0.5342
2016-08-01,47.1816,-181.9255,11.7714,-48.3530,-3.0504,29.1786,3196.4250,3156.7488,3199.9751,3176.8091,-27.1213,-0.8465
2016-08-02,23.5107,-143.8558,8.3034,-41.8321,-2.6623,36.4760,3173.7576,3165.5422,3189.0529,3189.0529,12.2438,0.3854
2016-08-03,23.6217,-105.3149,5.8470,-76.0809,-2.1004,39.2105,3179.6842,3173.5356,3197.1573,3193.5073,4.4544,0.1397
2016-08-04,31.1350,-83.9691,4.4767,-16.9542,-1.4453,44.2421,3190.5460,3170.4189,3201.5539,3201.2888,7.7815,0.2437
2016-08-05,32.0116,-31.4477,3.6568,-16.0264,-1.0037,46.8353,3201.3543,3192.8614,3224.8730,3205.1101,3.8213,0.1194
2016-08-08,47.2274,8.7129,5.2920,30.2529,-0.5639,62.6812,3199.5723,3187.2521,3234.4795,3234.1833,29.0732,0.9071
2016-08-09,28.1595,101.9288,8.3315,80.1722,0.9866,70.8552,3232.6030,3229.1741,3257.3336,3256.9813,22.7980,0.7049
2016-08-10,19.1100,109.4170,9.5298,54.2880,0.3855,61.2267,3255.1822,3242.7509,3261.8609,3243.3409,-13.6404,-0.4188
2016-08-11,41.4134,93.7253,9.5639,39.8531,-1.1080,54.7001,3239.5583,3232.6127,3274.0261,3233.3604,-9.9805,-0.3077
2016-08-12,63.0971,143.8254,14.3376,92.9449,2.3612,74.5533,3231.8065,3231.1366,3294.2337,3294.2337,60.8733,1.8827
2016-08-15,123.6810,270.4957,25.8269,188.3138,5.3487,86.2965,3303.4688,3302.3776,3417.9147,3393.4239,99.1902,3.0110
2016-08-16,46.6678,208.1845,33.3233,144.0618,5.4407,79.5548,3403.3839,3372.0206,3418.6884,3378.2451,-15.1788,-0.4473
2016-08-17,37.4643,142.9095,38.4022,116.0663,6.1772,77.0804,3377.7713,3356.9244,3394.3887,3373.0476,-5.1975,-0.1539
2016-08-18,45.1033,107.4280,41.2607,121.1442,5.5011,72.6155,3369.9472,3349.6879,3394.7912,3364.4851,-8.5625,-0.2539
2016-08-19,32.8528,80.7909,43.0727,131.6593,5.3707,72.7339,3358.5550,3341.1922,3374.0450,3365.0197,0.5346,0.0159
2016-08-22,37.3636,57.9166,41.7500,42.5612,4.2329,57.1014,3364.6810,3335.4695,3372.8331,3336.7949,-28.2248,-0.8388
2016-08-23,34.6874,43.3865,40.6395,-51.5941,4.2657,58.9883,3332.6210,3324.9603,3359.6477,3341.8298,5.0349,0.1509
2016-08-24,24.4040,27.5171,38.3517,-48.3820,2.9584,52.4132,3341.9304,3323.7251,3348.1291,3329.8631,-11.9667,-0.3581
2016-08-25,50.0567,-19.3165,34.4557,-64.0755,1.5963,42.4912,3314.0846,3279.8064,3315.0812,3308.9721,-20.8910,-0.6274
2016-08-26,27.2094,-15.7076,30.8605,-57.3949,1.9655,41.6391,3312.4991,3301.7359,3328.9453,3307.0902,-1.8819,-0.0569
2016-08-29,18.0092,-34.9917,27.7472,-57.2385,2.3017,42.1502,3306.5749,3297.0697,3315.0789,3307.7812,0.6910,0.0209
2016-08-30,20.5252,-35.2326,25.3273,-24.8077,0.5389,45.6285,3310.3188,3304.5966,3325.1218,3311.9872,4.2060,0.1272
2016-08-31,29.3177,-35.6278,24.4037,-14.0360,-1.9340,57.2267,3310.5654,3304.6552,3333.9729,3327.7938,15.8066,0.4773
2016-09-01,28.1326,-76.5134,21.3106,-28.2864,-2.2695,40.1713,3326.7389,3301.2129,3329.3455,3301.5767,-26.2171,-0.7878
2016-09-02,24.6698,-68.6668,19.6445,5.1421,-1.7472,48.9093,3298.7217,3295.7554,3320.4252,3314.1142,12.5375,0.3797
2016-09-05,24.3055,-21.0400,18.5593,12.5901,-1.3317,52.5976,3321.0053,3314.6293,3338.4197,3319.6803,5.5661,0.1680
2016-09-06,47.8254,10.4436,19.3279,34.8447,-0.6655,65.0713,3322.0180,3300.1257,3347.9511,3342.6259,22.9456,0.6912
2016-09-07,19.6059,86.5173,19.5656,28.8300,0.1205,63.4909,3344.0657,3337.7508,3357.3567,3340.8172,-1.8087,-0.0541
2016-09-08,15.1686,65.3381,19.4289,11.7702,-0.0678,62.2342,3338.0082,3328.2264,3343.3950,3339.5640,-1.2532,-0.0375
2016-09-09,26.9070,24.9774,17.3837,16.4673,-0.3549,44.2046,3339.3733,3318.0440,3344.9510,3318.0440,-21.5200,-0.6444
2016-09-12,83.4710,-264.9766,11.1607,-51.5099,-1.4013,23.3194,3271.8702,3234.5730,3276.7163,3262.6043,-55.4397,-1.6709
2016-09-13,22.8367,-200.8199,5.9767,-59.3473,-1.4138,22.7901,3265.3373,3246.3857,3269.2224,3260.3330,-2.2713,-0.0696
2016-09-14,28.9975,-186.8937,0.1238,-103.8960,-2.0875,18.1004,3245.7371,3231.3355,3254.9950,3238.7299,-21.6031,-0.6626
2016-09-19,26.1696,-109.2807,-2.5173,-77.6930,-1.4753,35.9578,3242.7429,3242.7429,3264.8995,3263.1242,24.3943,0.7532
2016-09-20,12.6468,-85.8968,-5.0142,-82.1606,-2.1152,33.8790,3264.6649,3252.3885,3265.0353,3257.4034,-5.7208,-0.1753
2016-09-21,16.5808,-62.6987,-6.1767,-51.4077,-1.0583,40.5368,3257.7097,3254.3214,3270.9022,3266.6363,9.2329,0.2834
2016-09-22,36.5630,-6.1569,-5.0640,28.5168,-0.6938,54.9668,3281.4718,3277.9791,3303.1993,3291.1211,24.4848,0.7495
2016-09-23,18.8912,-21.1811,-5.3673,15.3335,-1.3258,46.4323,3292.2788,3275.0250,3293.9162,3275.6665,-15.4546,-0.4696
2016-09-26,55.3827,-99.4270,-9.9618,-18.4461,-3.6601,27.8422,3267.6905,3220.2838,3267.6905,3220.2838,-55.3827,-1.6907
2016-09-27,26.3342,-95.7850,-11.8150,-22.3696,-2.9952,38.7238,3214.8704,3214.4414,3240.7756,3240.7546,20.4708,0.6357
2016-09-28,15.6510,-83.4319,-13.9191,-26.5130,-3.2541,35.6179,3243.6470,3227.9960,3243.6470,3230.8904,-9.8642,-0.3044
2016-09-29,26.8764,-54.4429,-14.3323,-22.2489,-2.2199,43.1100,3234.8570,3234.8032,3257.7668,3244.3874,13.4970,0.4177
2016-09-30,21.9041,-32.2776,-13.7830,-37.8363,-0.2856,47.9055,3240.1775,3239.0364,3260.9405,3253.2848,8.8974,0.2742
2016-10-10,41.3561,123.1511,-9.9580,18.2024,1.0286,64.3530,3265.3644,3258.9584,3294.6409,3293.8689,40.5841,1.2475
2016-10-11,15.1267,162.6617,-5.8356,86.2735,2.0943,68.1282,3296.8672,3292.8775,3308.0042,3306.5573,12.6884,0.3852
2016-10-12,16.8041,113.4506,-3.0616,59.2553,1.1304,63.9354,3299.1388,3289.7532,3302.5610,3300.0099,-6.5474,-0.1980
2016-10-13,15.0117,102.4920,-0.6431,71.7551,1.3889,64.9766,3299.1557,3292.3974,3307.4091,3302.6455,2.6356,0.0799
2016-10-14,20.9569,83.0456,1.5145,61.4607,1.2004,66.3914,3298.7340,3285.7290,3306.6859,3305.8481,3.2026,0.0970
2016-10-17,37.4684,40.2263,0.9566,24.5939,-0.4024,46.6443,3305.9635,3271.5413,3309.0097,3277.8787,-27.9694,-0.8461
2016-10-18,48.6509,81.5508,3.9749,27.4635,1.3941,65.6770,3272.6815,3272.6815,3321.3324,3321.3324,43.4537,1.3257
2016-10-19,22.6888,108.2651,5.8882,9.6834,2.9798,62.5402,3323.3038,3309.8313,3332.5201,3316.2407,-5.0917,-0.1533
2016-10-20,12.7290,92.4983,7.5087,18.5945,2.4022,63.5110,3317.1792,3312.1741,3324.9031,3318.6044,2.3637,0.0713
2016-10-21,32.3816,102.6340,9.4215,25.0945,2.9976,67.4265,3315.7156,3309.1787,3341.5603,3327.7400,9.1356,0.2753
2016-10-24,55.0859,174.3591,13.9908,61.7297,3.7970,79.1397,3332.5125,3330.9674,3382.8259,3367.5778,39.8378,1.1971
2016-10-25,17.3286,169.5862,17.4014,89.5760,3.5094,79.0344,3367.4753,3356.5853,3373.9139,3367.4547,-0.1231,-0.0037
2016-10-26,18.2566,120.8528,18.8657,33.4679,1.8498,67.8835,3365.1975,3349.5744,3367.8310,3354.8003,-12.6544,-0.3758
2016-10-27,19.6671,74.0959,19.0717,29.4543,1.1836,60.5118,3351.4603,3335.1332,3352.3545,3345.6950,-9.1053,-0.2714
2016-10-28,33.4597,74.1735,18.5715,21.5218,1.2156,56.0451,3347.1438,3337.2888,3370.7485,3340.1262,-5.5688,-0.1664
2016-10-31,23.1416,16.6268,17.6609,8.5378,1.0183,52.8123,3332.4060,3317.3279,3340.4695,3336.2778,-3.8484,-0.1152
2016-11-01,24.9373,65.2732,18.5630,-8.5263,1.6094,66.5245,3338.7099,3334.4568,3359.3941,3359.0515,22.7737,0.6826
2016-11-02,27.6674,25.9494,17.0081,-34.1023,1.6924,47.7392,3350.7100,3331.3841,3356.3974,3333.3524,-25.6991,-0.7651
2016-11-03,55.1511,70.4115,18.1274,10.2847,1.3173,63.1554,3326.9045,3324.8378,3379.9889,3365.0850,31.7326,0.9520
2016-11-04,29.2131,77.0326,17.9275,8.4799,1.1439,56.3031,3362.2055,3348.4263,3377.6394,3354.1749,-10.9101,-0.3242
2016-11-07,20.4294,43.2519,17.7593,16.4654,1.1447,57.5280,3353.4441,3342.3122,3362.7416,3356.5916,2.4167,0.0721
2016-11-08,27.3258,126.2671,18.5840,34.8399,1.3035,64.6712,3367.6974,3361.1292,3383.9174,3371.1177,14.5261,0.4328
2016-11-09,51.0162,-13.2950,17.5774,-5.9968,-0.4313,51.6971,3370.5999,3322.0798,3373.0960,3353.0547,-18.0630,-0.5358
2016-11-10,49.9611,220.7026,19.5844,57.2595,0.6877,67.8100,3374.9060,3374.9060,3403.0158,3390.6119,37.5572,1.1201
2016-11-11,39.7790,227.7229,23.0564,52.1361,1.8606,74.9222,3387.9481,3382.8925,3422.6715,3417.2211,26.6092,0.7848
2016-11-14,44.4767,215.2169,26.5530,76.0733,2.5272,77.8034,3409.2241,3408.1392,3452.6159,3430.2482,13.0271,0.3812
2016-11-15,18.9268,148.6710,28.9598,73.2781,2.6868,77.4930,3428.8663,3415.9948,3434.9216,3429.8697,-0.3785,-0.0110
2016-11-16,16.3931,119.3866,30.4932,58.4744,2.7970,77.2218,3432.4336,3419.2435,3435.6366,3429.5921,-0.2776,-0.0081
2016-11-17,24.7919,99.0566,31.9010,83.4803,2.3067,79.3866,3423.4654,3412.8771,3437.6690,3436.5350,6.9429,0.2024
2016-11-18,29.8487,77.3077,31.1184,26.8435,2.5231,60.4435,3437.4898,3413.2698,3443.1185,3417.4554,-19.0796,-0.5552
2016-11-21,51.0622,91.4095,32.0376,23.8895,2.2592,70.8073,3412.6523,3412.0801,3463.1423,3441.1106,23.6552,0.6922
2016-11-22,28.1083,118.2695,34.5668,38.1155,3.4044,78.5697,3443.2201,3443.2201,3469.2189,3468.3637,27.2531,0.7920
2016-11-23,27.1925,135.7289,36.6621,44.8592,3.5196,80.0560,3473.8949,3465.7639,3492.9564,3474.7289,6.3652,0.1835
2016-11-24,41.1540,140.7423,39.0037,59.1481,3.4891,83.1441,3468.8071,3467.0108,3508.1648,3488.7402,14.0113,0.4032
2016-11-25,57.3552,155.6960,42.9910,84.7634,5.0176,88.2271,3490.0399,3463.9477,3521.3029,3521.2984,32.5582,0.9332
2016-11-28,32.0619,176.2861,46.7245,117.6253,4.2608,89.7909,3538.6754,3528.3196,3553.3603,3535.0807,13.7823,0.3914
2016-11-29,62.3398,164.7912,51.4273,122.9298,4.2965,92.3524,3525.9011,3521.3787,3583.7185,3564.0404,28.9597,0.8192
2016-11-30,40.0458,118.6051,52.4485,69.6373,3.1413,72.6772,3557.6357,3527.0231,3567.0689,3538.0010,-26.0394,-0.7306
2016-12-01,37.9690,121.4151,54.8076,90.3071,3.9409,78.4082,3543.9555,3543.2450,3575.9700,3565.0360,27.0350,0.7641
2016-12-02,48.2479,72.0055,53.1530,40.2145,2.8972,58.6919,3559.7711,3516.7881,3562.5497,3528.9547,-36.0813,-1.0121
2016-12-05,71.6114,-24.1496,46.5007,-51.8911,0.9566,39.1803,3473.6876,3457.3433,3496.8838,3469.4073,-59.5474,-1.6874
2016-12-06,20.7834,-46.2703,39.9409,-75.9274,1.2201,36.6618,3466.2417,3456.8067,3477.5901,3459.1533,-10.2540,-0.2956
2016-12-07,29.9912,-51.4145,35.6700,-88.2931,1.0066,43.6908,3458.3687,3445.7561,3475.7473,3475.7473,16.5940,0.4797
2016-12-08,17.8282,-47.4497,31.4703,-67.8584,0.0513,41.8102,3481.8067,3466.5120,3484.3402,3470.1426,-5.6047,-0.1613
2016-12-09,46.1664,-29.8709,29.7005,-71.3356,0.5460,52.1899,3464.8733,3461.7612,3507.9276,3493.7004,23.5578,0.6789
2016-12-12,95.0092,-128.7493,21.2330,-119.7753,-2.2805,29.5195,3489.2683,3400.7930,3495.8022,3409.1794,-84.5210,-2.4192
2016-12-13,45.6191,-167.8673,14.0264,-64.3718,-3.3017,28.7839,3394.2072,3370.5956,3416.2147,3405.0355,-4.1439,-0.1216
2016-12-14,34.0139,-145.9104,6.1391,-80.2080,-4.4167,24.2233,3399.4113,3378.2656,3412.2795,3378.9453,-26.0902,-0.7662
2016-12-15,51.8024,-164.1759,-3.1825,-135.3135,-6.2740,18.9149,3363.8597,3327.1429,3378.0367,3340.4338,-38.5115,-1.1397
2016-12-16,25.7988,-138.6849,-10.0030,-124.1121,-5.4260,21.8996,3335.3625,3330.4928,3356.2916,3346.0305,5.5967,0.1675
2016-12-19,21.0319,-122.7651,-16.5927,-164.7177,-6.6213,19.3025,3342.3449,3324.9986,3344.8584,3328.9827,-17.0478,-0.5095
2016-12-20,39.8340,-123.1007,-23.1554,-100.1153,-6.2310,16.5505,3328.2985,3289.2682,3329.1022,3309.0641,-19.9186,-0.5983
2016-12-21,33.4120,-86.6507,-25.6822,-66.4995,-3.7722,33.4077,3313.7451,3313.7451,3342.4761,3338.5360,29.4719,0.8906
2016-12-22,17.6432,-76.0020,-27.5976,-43.2733,-3.5697,32.6389,3335.1218,3322.7196,3340.3628,3335.6720,-2.8640,-0.0858
2016-12-23,34.7877,-85.4362,-31.0233,-32.8347,-4.8378,25.6857,3333.4009,3300.8843,3334.8937,3307.5991,-28.0729,-0.8416
2016-12-26,55.3731,-86.0281,-32.1729,-23.6299,-4.2575,34.5126,3293.2236,3267.0481,3322.4212,3322.4006,14.8015,0.4475
2016-12-27,14.4006,-59.3563,-33.1869,-12.5975,-5.0753,32.6229,3319.2061,3315.8318,3330.2324,3316.3852,-6.0154,-0.1811
2016-12-28,27.3730,-77.0366,-34.7595,-7.1754,-3.1471,28.1634,3315.7526,3293.1737,3320.5467,3301.8887,-14.4965,-0.4371
2016-12-29,24.0171,-89.8972,-35.9244,-40.7712,-3.1504,26.9077,3297.0360,3288.0959,3312.1130,3297.7648,-4.1239,-0.1249
2016-12-30,17.7984,-72.5957,-35.4453,-25.5912,-2.0380,36.9775,3302.5993,3295.7513,3313.5497,3310.0808,12.3160,0.3735
2017-01-03,35.1821,26.2260,-32.1016,34.6281,0.0537,55.9748,3313.9534,3313.9534,3345.2629,3342.2272,32.1464,0.9712
2017-01-04,31.4131,143.0582,-27.0352,45.9111,0.6659,65.9647,3340.5576,3338.1527,3369.5658,3368.3117,26.0845,0.7805
2017-01-05,11.9499,160.7872,-22.7994,51.4040,1.1657,65.6068,3368.3402,3361.4620,3373.4119,3367.7892,-0.5225,-0.0155
2017-01-06,21.9791,103.2773,-20.8262,45.7778,1.1666,52.4559,3366.8522,3346.8914,3368.8705,3347.6665,-20.1227,-0.5975
2017-01-09,21.8747,100.2213,-17.7477,66.1366,0.7598,60.1831,3345.7483,3344.3472,3366.2219,3363.9014,16.2349,0.4850
2017-01-10,16.4173,94.8239,-15.5827,48.1908,0.6775,56.3706,3361.6394,3354.0878,3370.5051,3358.2716,-5.6298,-0.1674
2017-01-11,32.3337,38.3508,-15.6056,-7.7318,0.8132,42.6715,3355.8008,3334.2978,3366.6315,3334.4954,-23.7762,-0.7080
2017-01-12,27.1650,-21.2474,-16.7915,-50.6876,-0.1438,35.3553,3332.6857,3315.9629,3343.1279,3317.6241,-16.8713,-0.5060
2017-01-13,28.7999,-33.4017,-17.3468,-47.8770,0.1064,37.1101,3317.9625,3309.3741,3338.1740,3319.9122,2.2881,0.0690
2017-01-16,58.5748,-96.7662,-17.6214,-28.2210,0.5317,36.8652,3314.1507,3264.2071,3322.7819,3319.4455,-0.4667,-0.0141
2017-01-17,35.1723,-53.1321,-17.0844,-37.5451,0.8670,43.4926,3305.6001,3292.2044,3327.3767,3326.3563,6.9108,0.2082
2017-01-18,30.5557,7.1709,-15.4312,-18.9063,0.8847,54.3236,3323.3389,3320.4062,3350.9619,3339.3653,13.0090,0.3911
2017-01-19,21.8124,-14.3352,-14.7640,-5.2063,-0.3871,46.1091,3330.9522,3324.6835,3346.4959,3329.2891,-10.0762,-0.3017
2017-01-20,32.0381,27.2236,-12.0308,37.2650,-0.3985,63.1141,3326.9773,3326.3740,3358.4121,3354.8891,25.6000,0.7689
2017-01-23,23.8497,93.7924,-9.0190,44.1686,-0.1101,67.5288,3359.0543,3355.8475,3378.7388,3364.0808,9.1917,0.2740
2017-01-24,15.4210,81.6030,-6.5271,45.0054,0.5014,67.7155,3363.1374,3355.8990,3371.3200,3364.4509,0.3701,0.0110
2017-01-25,19.2232,103.1789,-3.5867,49.5479,0.3568,73.3959,3361.6561,3357.2183,3376.4415,3375.9042,11.4533,0.3404
2017-01-26,19.9806,144.4147,-0.2803,48.5953,0.8841,78.2336,3378.2609,3378.2609,3395.8848,3387.9606,12.0564,0.3571
2017-02-03,29.9120,87.2128,0.4412,35.2032,0.8996,54.9103,3390.9315,3362.5653,3392.4773,3364.4923,-23.4683,-0.6927
2017-02-06,22.5832,75.1545,1.6965,18.3160,1.6753,60.1968,3368.1081,3358.7516,3381.3348,3373.2051,8.7128,0.2590
2017-02-07,22.0848,50.7538,2.0608,1.6041,1.3787,53.6784,3371.7695,3354.6251,3376.7099,3365.6849,-7.5202,-0.2229
2017-02-08,36.2557,59.4657,3.7269,18.8369,1.9233,64.4818,3361.7811,3347.4302,3383.6859,3383.2878,17.6029,0.5230
2017-02-09,26.8016,115.6570,6.0273,20.3882,2.1025,70.5673,3381.8992,3379.7872,3406.5888,3396.2924,13.0046,0.3844
2017-02-10,26.0332,170.1698,9.1324,25.5262,2.2196,76.8583,3398.3173,3398.0295,3422.3256,3413.4868,17.1944,0.5063
2017-02-13,26.0564,204.8030,13.2791,71.7827,3.2135,82.7292,3416.9168,3416.8746,3439.5432,3436.2750,22.7882,0.6676
2017-02-14,16.2720,158.8255,16.3390,62.5991,2.4119,82.2121,3438.5110,3424.4028,3440.6748,3435.8042,-0.4708,-0.0137
2017-02-15,30.9511,118.7043,17.4260,56.0282,1.7132,67.1403,3435.3882,3417.0811,3448.0322,3421.7131,-14.0911,-0.4101
2017-02-16,22.5817,108.0695,19.6124,57.6453,2.2732,74.7246,3421.8299,3418.3514,3440.9331,3440.9331,19.2200,0.5617
2017-02-17,37.9419,88.8029,19.5470,25.1495,1.3489,58.3385,3443.6166,3419.6143,3457.5562,3421.4419,-19.4912,-0.5665
2017-02-20,51.1616,120.9846,23.2576,57.9058,2.4626,75.1181,3421.6434,3421.6434,3472.6035,3471.3926,49.9507,1.4599
2017-02-21,18.6929,153.4574,26.8116,46.5480,3.5170,77.5959,3475.0584,3472.0170,3490.0855,3482.8230,11.4304,0.3293
2017-02-22,16.4220,133.6511,29.8436,53.9525,3.4552,79.1102,3483.2008,3473.5240,3489.9460,3489.7567,6.9337,0.1991
2017-02-23,32.8436,104.7137,30.5682,51.6105,3.1981,66.3549,3487.5745,3460.1180,3492.9616,3473.3236,-16.4331,-0.4709
2017-02-24,18.6003,80.8547,30.8296,32.9186,2.6768,66.5628,3468.9588,3455.2514,3473.8517,3473.8517,0.5281,0.0152
2017-02-27,32.4579,35.9242,28.4791,24.7809,1.4701,47.9577,3471.1319,3441.3938,3472.8356,3446.2228,-27.6289,-0.7953
2017-02-28,19.5500,19.4735,26.8384,-18.5823,1.1520,51.8115,3445.0274,3441.3589,3460.9089,3452.8103,6.5875,0.1912
2017-03-01,23.5872,36.2234,25.6961,-24.3854,0.6450,55.2113,3452.2058,3449.1090,3472.6962,3458.4376,5.6273,0.1630
2017-03-02,34.4700,-28.1752,22.6463,-54.6604,-0.0206,40.8618,3463.4829,3434.0010,3468.4710,3435.0963,-23.3413,-0.6749
2017-03-03,22.2651,-117.6047,19.4217,-45.4608,0.1797,37.2605,3424.6627,3412.8312,3428.8824,3427.8628,-7.2335,-0.2106
2017-03-06,23.1301,-50.4842,18.1595,-27.3677,0.1613,50.6866,3427.2533,3425.9041,3449.0342,3446.4840,18.6212,0.5432
2017-03-07,13.9812,-21.0859,17.5597,7.7337,0.9503,55.2936,3446.1628,3440.0574,3454.0386,3453.9565,7.4725,0.2168
2017-03-08,15.7776,-29.7932,16.4728,-4.0790,-0.6528,51.2741,3452.2006,3441.2575,3457.0351,3448.7313,-5.2252,-0.1513
2017-03-09,34.0531,-128.3060,13.6955,-31.4938,-1.6044,37.5984,3442.8953,3414.6782,3443.0455,3426.9438,-21.7875,-0.6318
2017-03-10,12.3019,-103.7816,11.4391,-7.2047,-1.7728,38.4553,3423.9776,3423.9369,3436.2388,3427.8916,0.9478,0.0277
2017-03-13,45.4101,-36.0354,11.9506,30.2352,-0.4384,59.6473,3425.6723,3412.6879,3458.0980,3458.0980,30.2064,0.8812
2017-03-14,16.4881,52.5797,12.1030,10.2094,-0.4939,58.5229,3456.6584,3448.9034,3465.3915,3456.6934,-1.4046,-0.0406
2017-03-15,18.6515,70.6533,12.6390,9.6871,0.5055,62.6983,3452.2139,3445.2676,3463.9191,3463.6436,6.9502,0.2011
2017-03-16,28.4831,206.1147,14.3398,32.7753,0.8311,71.5359,3472.2694,3472.2694,3492.1267,3481.5066,17.8630,0.5157
2017-03-17,47.0284,60.8503,12.6610,18.8613,-0.3653,45.6159,3485.3114,3441.4685,3488.4969,3445.8051,-35.7015,-1.0255
2017-03-20,24.2376,-18.9306,11.5051,21.7210,0.4226,48.0260,3449.0515,3429.8254,3454.0630,3449.6126,3.8075,0.1105
2017-03-21,21.0610,69.9127,11.8033,8.2488,1.1227,57.8723,3449.7696,3445.6416,3466.7026,3466.3468,16.7342,0.4851
2017-03-22,32.8474,8.0400,10.6024,-6.6432,0.1035,47.3823,3450.7544,3433.4994,3464.3328,3450.0502,-16.2966,-0.4701
2017-03-23,35.1252,39.6285,10.4923,-1.6654,0.2322,54.6088,3452.4056,3435.6912,3470.8164,3461.9782,11.9280,0.3457
2017-03-24,38.2071,173.2802,12.4898,8.0931,1.1850,67.1470,3464.1966,3461.1108,3499.3179,3489.5997,27.6215,0.7979
2017-03-27,31.4583,152.2586,12.9902,32.2334,1.4910,58.9661,3488.7647,3474.5206,3505.9789,3478.0385,-11.5612,-0.3313
2017-03-28,20.8245,66.5865,12.5778,20.1967,1.2228,53.4081,3480.2490,3461.4678,3482.2923,3469.8093,-8.2292,-0.2366
2017-03-29,27.5042,39.6683,11.7431,-1.1535,0.2052,50.2217,3472.9665,3455.5529,3483.0571,3465.1933,-4.6160,-0.1330
2017-03-30,44.9389,-106.4829,8.6870,-13.2922,-0.5767,34.8514,3461.6159,3422.3660,3467.3049,3436.7580,-28.4353,-0.8206
2017-03-31,25.4854,-78.9790,7.7322,-5.9327,-0.2194,47.8440,3434.8222,3430.8197,3456.3051,3456.0455,19.2875,0.5612
2017-04-05,48.4924,142.1402,10.7129,14.2935,0.6430,67.2733,3476.4231,3475.1486,3504.5379,3503.8932,47.8477,1.3845
2017-04-06,22.0533,162.4277,13.7362,36.0084,1.9804,70.1089,3507.9879,3495.7246,3517.7779,3514.0469,10.1537,0.2898
2017-04-07,20.4265,156.5727,16.2208,47.6541,1.9669,71.1193,3514.4521,3506.3885,3526.8150,3517.4634,3.4165,0.0972
2017-04-10,20.7129,107.8399,16.9995,39.9459,1.1191,62.0414,3519.4597,3502.0826,3522.7955,3505.1392,-12.3242,-0.3504
2017-04-11,53.9925,69.7343,18.3881,80.5700,1.9501,67.0352,3503.8294,3466.1390,3520.1315,3517.3280,12.1888,0.3477
2017-04-12,25.0984,84.3671,18.6372,53.3932,1.3709,60.8204,3514.5723,3497.9991,3523.0975,3509.4387,-7.8893,-0.2243
2017-04-13,21.8686,74.3691,19.0290,10.6730,0.7155,63.4623,3500.2838,3496.5699,3518.4385,3514.5662,5.1275,0.1461
2017-04-14,40.5196,16.5783,16.8806,-27.5424,0.2434,43.9844,3516.8103,3476.9468,3517.4664,3486.5045,-28.0617,-0.7984
2017-04-17,32.8286,-54.7894,14.4815,-37.5217,0.2920,40.4962,3475.7381,3453.6759,3480.5696,3479.9417,-6.5628,-0.1882
2017-04-18,26.4548,-48.1708,11.0648,-42.3963,-0.0707,32.4126,3474.8892,3462.6297,3489.0845,3462.7429,-17.1988,-0.4942
2017-04-19,44.2289,-121.7746,6.9163,-71.4519,0.2653,26.2469,3452.9904,3418.5140,3459.3524,3445.8761,-16.8668,-0.4871
2017-04-20,24.8937,-75.1861,4.8374,-47.8906,0.1592,39.1527,3444.5225,3440.7151,3465.6088,3461.5481,15.6720,0.4548
2017-04-21,26.0201,-62.3470,3.5714,-47.7797,-1.0590,43.1433,3461.3890,3449.5421,3475.5622,3466.7865,5.2384,0.1513
2017-04-24,62.8073,-145.2965,-0.2953,-55.2458,-2.3559,28.1290,3458.2279,3403.9792,3458.2279,3431.2587,-35.5278,-1.0248
2017-04-25,27.0195,-104.9786,-2.5463,-38.9674,-2.1746,35.4956,3427.7322,3422.6521,3449.6716,3440.9743,9.7156,0.2831
2017-04-26,27.4146,-64.9037,-3.9452,-17.5597,-1.7105,38.7587,3440.2526,3439.1505,3466.5651,3445.1832,4.2089,0.1223
2017-04-27,49.7331,-100.1663,-4.8737,0.8441,-2.0074,40.0869,3435.1017,3399.5392,3449.2723,3446.7202,1.5370,0.0446
2017-04-28,29.4827,-87.7098,-6.1013,-21.7951,-1.9857,35.8568,3439.5735,3417.2375,3439.9040,3439.7530,-6.9672,-0.2021
2017-05-02,21.0878,-90.1480,-8.0447,-40.2099,-2.5036,28.9290,3427.9169,3418.6652,3436.3064,3426.5766,-13.1764,-0.3831
2017-05-03,29.1466,-111.7270,-10.5484,-18.1305,-2.1046,23.3933,3421.7586,3403.0782,3432.2248,3413.1282,-13.4484,-0.3925
2017-05-04,30.1183,-134.2120,-13.0872,-36.5879,-2.1712,20.3550,3404.9379,3391.2770,3421.3953,3404.3864,-8.7418,-0.2561
2017-05-05,37.8296,-194.4442,-16.6690,-62.6330,-2.3159,14.6513,3393.4831,3366.5568,3395.4532,3382.5502,-21.8362,-0.6414
2017-05-08,42.9759,-213.0746,-21.1790,-87.9077,-2.5266,10.7293,3369.1084,3339.5743,3374.1571,3358.8125,-23.7377,-0.7018
2017-05-09,31.2224,-178.9361,-24.9720,-87.2206,-3.1493,9.8889,3342.5981,3327.5901,3358.0463,3352.5324,-6.2801,-0.1870
2017-05-10,33.4315,-134.3076,-28.8423,-88.8759,-3.7235,8.0925,3350.6502,3336.0030,3369.4345,3337.7007,-14.8317,-0.4424
2017-05-11,46.7082,-115.9707,-30.0347,-56.4823,-2.1745,28.1101,3322.9455,3312.8921,3359.6003,3356.6459,18.9452,0.5676
2017-05-12,38.1006,-47.6888,-28.3345,-19.0077,-1.6157,48.5173,3350.9371,3349.1671,3387.2677,3385.3787,28.7328,0.8560
2017-05-15,21.2023,5.4717,-25.5775,16.6435,-1.3349,55.7627,3391.5881,3391.5881,3406.5810,3399.1937,13.8150,0.4081
2017-05-16,55.3011,34.1188,-20.7762,69.8366,-0.5243,67.4743,3390.9250,3373.5520,3428.8531,3428.6491,29.4554,0.8665
2017-05-17,25.8154,58.0213,-18.2682,57.4332,-0.8660,56.1578,3423.1900,3408.1541,3433.9695,3409.9656,-18.6835,-0.5449
2017-05-18,26.0306,19.0085,-17.0406,60.4120,-0.8307,49.7994,3387.6655,3383.9350,3409.9319,3398.1127,-11.8529,-0.3476
2017-05-19,13.5672,35.5852,-15.4270,47.2033,-0.2719,52.8967,3395.2318,3392.3776,3405.9448,3403.8492,5.7365,0.1688
2017-05-22,33.0028,63.6946,-13.3975,25.8600,0.2013,56.9980,3400.5882,3391.1748,3424.1776,3411.2387,7.3895,0.2171
2017-05-23,33.2324,93.5424,-10.6212,25.0003,1.2311,63.6557,3405.0254,3401.5338,3434.7662,3424.1940,12.9553,0.3798
2017-05-24,40.3018,65.6058,-8.3273,-4.4822,1.9458,63.6309,3409.7169,3383.8922,3424.1669,3424.1669,-0.0271,-0.0008
2017-05-25,77.1930,169.1311,-1.5298,75.6925,3.9709,82.3260,3414.3992,3413.2246,3490.4176,3485.6581,61.4912,1.7958
2017-05-26,25.2748,188.9826,3.3966,82.3218,4.2764,78.2269,3479.6206,3473.0400,3498.3148,3480.4345,-5.2236,-0.1499
2017-05-31,40.1597,175.8420,8.2107,89.0353,4.0588,80.9410,3495.0730,3474.9215,3515.0812,3492.8845,12.4500,0.3577
2017-06-01,23.3859,132.3541,12.2761,86.4995,3.3190,81.9912,3485.2223,3476.4283,3499.8142,3497.7382,4.8537,0.1390
2017-06-02,27.9172,95.9420,14.4255,62.3134,2.5687,71.1110,3491.5893,3470.2017,3498.1189,3486.5074,-11.2308,-0.3211
2017-06-05,24.1930,59.5793,14.5288,44.5869,1.1697,56.8105,3480.1692,3462.3144,3484.1244,3468.7538,-17.7536,-0.5092
2017-06-06,32.4282,67.4856,16.3689,7.2235,2.4316,67.4769,3464.3765,3460.4534,3492.8816,3492.8816,24.1278,0.6956
2017-06-07,45.9619,118.5196,20.8939,53.4373,3.9951,78.3682,3493.8846,3491.1328,3537.0947,3533.8718,40.9902,1.1735
2017-06-08,34.0934,147.7766,26.3634,68.0941,4.6162,82.9098,3531.2419,3528.1790,3562.2724,3560.9786,27.1068,0.7671
2017-06-09,30.2536,167.9839,31.5600,78.4321,4.8349,85.0244,3561.2411,3560.6336,3590.8872,3576.1703,15.1917,0.4266
2017-06-12,37.7889,153.1239,35.1298,87.8820,4.3863,83.5698,3570.2191,3565.9012,3603.6901,3574.3894,-1.7809,-0.0498
2017-06-13,25.1960,115.8614,38.1547,113.5136,4.6172,84.9377,3569.1594,3559.2134,3584.4094,3582.2674,7.8780,0.2204
2017-06-14,51.9934,57.6910,36.3430,42.4171,1.4241,53.2317,3571.2483,3530.2740,3571.2483,3535.2987,-46.9687,-1.3111
2017-06-15,33.3335,16.6533,33.9904,-5.0792,1.3894,50.1217,3530.7465,3508.9461,3542.2796,3528.7926,-6.5061,-0.1840
2017-06-16,21.7509,2.3712,30.9597,-42.2175,0.7408,45.2322,3522.9745,3514.3892,3536.1401,3518.7611,-10.0315,-0.2843
2017-06-19,36.1489,36.2765,31.0167,-22.5050,1.5990,61.0835,3520.0602,3520.0602,3554.9100,3553.6653,34.9042,0.9919
2017-06-20,24.1815,43.8324,30.1358,-27.8954,1.7205,57.0151,3560.7871,3539.5149,3563.6964,3546.4940,-7.1713,-0.2018
2017-06-21,42.4197,85.2400,32.4097,5.6876,3.4364,70.6004,3567.1256,3545.5666,3587.9863,3587.9550,41.4610,1.1691
2017-06-22,54.1898,135.7134,34.0123,55.0438,2.7903,71.2287,3583.5583,3581.3375,3635.5273,3590.3425,2.3875,0.0665
2017-06-23,53.9127,125.6119,37.4762,94.0905,2.5188,78.6810,3583.4359,3569.3225,3623.2352,3622.8831,32.5406,0.9063
2017-06-26,49.0604,203.2332,43.3694,149.3308,3.0080,85.1106,3627.0208,3627.0208,3671.9435,3668.0919,45.2088,1.2479
2017-06-27,27.7693,184.5234,48.0206,121.0499,2.7556,85.8603,3665.5775,3648.7635,3676.5328,3674.7152,6.6233,0.1806
2017-06-28,30.6884,124.0530,48.8402,99.6726,2.0081,68.1194,3664.1629,3644.0268,3672.1887,3646.1666,-28.5486,-0.7769
2017-06-29,24.4014,108.6570,50.7334,80.8729,2.4164,73.3622,3649.2525,3644.7331,3669.1345,3668.8279,22.6613,0.6215
2017-06-30,23.5312,90.7251,51.4766,76.4552,3.7196,72.0877,3654.7348,3646.2272,3669.7584,3666.7977,-2.0302,-0.0553
2017-07-03,33.8132,66.6509,50.1998,27.9632,3.4588,61.9419,3667.2316,3633.7825,3667.5957,3650.8463,-15.9514,-0.4350
2017-07-04,39.1552,27.3581,46.1654,-48.1078,2.8767,46.6865,3646.8280,3611.6911,3646.8455,3619.9841,-30.8622,-0.8453
2017-07-05,50.2705,44.5343,45.6450,-15.0357,2.9832,61.3707,3611.8984,3610.4586,3660.7291,3659.6795,39.6954,1.0966
2017-07-06,37.2145,51.4986,44.7505,13.9301,3.2032,61.5044,3654.5576,3629.5600,3666.7745,3660.0967,0.4172,0.0114
2017-07-07,28.2265,36.9729,43.2072,-12.8986,1.8945,59.0540,3647.6416,3631.8702,3657.1131,3655.9293,-4.1674,-0.1139
2017-07-10,26.3178,45.4488,41.3267,-13.1109,1.7643,57.5728,3647.9379,3641.5277,3667.8455,3653.6868,-2.2425,-0.0613
2017-07-11,55.2141,110.6869,40.7484,19.9623,1.3229,65.5008,3646.8783,3645.9946,3701.2087,3670.8086,17.1218,0.4686
2017-07-12,50.9921,72.1307,38.8748,38.8395,-0.2527,56.6146,3672.6328,3640.5893,3691.5814,3658.8236,-11.9850,-0.3265
2017-07-13,37.9174,148.4170,39.2052,27.2410,0.3321,68.5990,3656.3502,3652.5658,3690.4832,3686.9205,28.0969,0.7679
2017-07-14,30.3515,193.0286,40.3075,42.9973,1.5613,73.6305,3682.6153,3672.7425,3703.0940,3703.0940,16.1735,0.4387
2017-07-17,95.1048,46.5131,37.5579,7.6282,-0.1437,50.0875,3700.6179,3621.3652,3716.4700,3663.5575,-39.5365,-1.0677
2017-07-18,45.4994,-36.2386,35.2646,13.4939,0.0104,51.7829,3648.4942,3622.0414,3667.5408,3667.1807,3.6232,0.0989
2017-07-19,72.8433,192.5506,38.0570,58.9380,2.1612,71.7016,3660.8665,3658.2035,3731.0468,3729.7466,62.5659,1.7061
2017-07-20,27.1249,225.2208,41.2580,89.0607,3.5332,75.2573,3725.1436,3723.0689,3750.1938,3747.8843,18.1377,0.4863
2017-07-21,29.6291,154.8267,41.7572,41.6771,1.8832,64.8583,3738.1847,3722.0656,3751.6947,3728.5976,-19.2867,-0.5146
2017-07-24,35.3414,131.7240,42.8587,40.3746,2.2779,68.8419,3724.3778,3719.8488,3755.1902,3743.4686,14.8710,0.3988
2017-07-25,38.8793,88.0294,41.3260,56.0015,1.7405,56.4876,3742.6405,3713.2766,3752.1559,3719.5590,-23.9096,-0.6387
2017-07-26,54.3497,39.2805,38.5238,38.2077,1.4151,50.0939,3722.8761,3684.1819,3738.5316,3705.3884,-14.1706,-0.3810
2017-07-27,44.1917,12.0104,36.4322,-17.5519,1.1274,53.1503,3700.8558,3672.4971,3716.6888,3712.1947,6.8063,0.1837
2017-07-28,28.7602,39.7831,35.1519,-25.9929,1.7237,57.5906,3703.4895,3696.7776,3725.5378,3721.8914,9.6967,0.2612
2017-07-31,32.8657,77.3327,35.0231,9.2756,1.3820,64.2853,3722.4282,3713.6550,3746.5207,3737.8732,15.9818,0.4294
2017-08-01,33.3089,131.0368,37.1164,26.9142,1.8171,74.2195,3738.7364,3737.0954,3770.4043,3770.3828,32.5096,0.8697
2017-08-02,25.0747,131.4927,37.5733,41.2935,2.6558,67.6044,3768.1938,3759.2764,3784.3511,3760.8525,-9.5303,-0.2528
2017-08-03,47.9101,45.0261,34.8685,22.4380,1.6537,49.3233,3755.1081,3718.4351,3766.3452,3727.8264,-33.0261,-0.8782
2017-08-04,31.7282,-21.1516,30.7368,-4.6151,-0.5943,41.1394,3724.7225,3707.0030,3738.7312,3707.5796,-20.2468,-0.5431
2017-08-07,40.8222,-55.6645,28.6823,4.9034,-0.5627,50.4942,3701.2161,3689.9552,3730.7774,3726.7948,19.2152,0.5183
2017-08-08,18.5228,-5.2101,27.1780,-5.6603,0.0970,53.0206,3724.3287,3718.8116,3737.3344,3732.2129,5.4181,0.1454
2017-08-09,25.4322,-8.9044,25.5965,-39.3388,-0.3319,52.3293,3728.0319,3713.5668,3738.9990,3731.0440,-1.1689,-0.0313
2017-08-10,58.6848,-55.5845,22.8593,-44.9317,-0.0978,43.5191,3724.9620,3688.1766,3746.8614,3715.9208,-15.1232,-0.4053
2017-08-11,70.8263,-224.8430,14.9842,-80.4761,-1.5663,22.7130,3687.9314,3645.0945,3700.4944,3647.3503,-68.5705,-1.8453
2017-08-14,51.0160,-130.4973,12.4194,-12.8965,-0.4717,44.6376,3651.3754,3651.3754,3698.3663,3694.6831,47.3328,1.2977
2017-08-15,27.0129,-45.8619,11.1756,-20.7382,-0.4255,48.8237,3695.7800,3692.2802,3719.2931,3706.0566,11.3735,0.3078
2017-08-16,27.4102,-76.7804,9.7040,-30.7922,-0.9752,47.0824,3701.1337,3679.7338,3707.1440,3701.4207,-4.6359,-0.1251
2017-08-17,21.2032,-10.5132,10.0245,-9.7670,-1.3024,55.2800,3707.0668,3704.4126,3722.6239,3721.2770,19.8563,0.5365
2017-08-18,33.0802,4.3068,10.4323,8.7540,-0.9620,56.6587,3707.1891,3700.4112,3733.4914,3724.6748,3.3978,0.0913
2017-08-21,19.5883,81.6693,11.9348,93.6438,0.3532,63.1979,3731.8399,3728.6157,3744.2631,3740.9941,16.3193,0.4381
2017-08-22,23.7368,135.4666,13.8777,57.6149,1.2061,67.2990,3745.7543,3734.5556,3758.2924,3752.2980,11.3039,0.3022
2017-08-23,30.7364,154.6321,15.5441,50.0318,0.7860,68.7024,3747.6108,3741.7204,3772.4568,3756.0884,3.7904,0.1010
2017-08-24,36.6206,86.1565,14.9620,33.2251,0.0652,53.2028,3755.8902,3729.0876,3765.7082,3734.6458,-21.4426,-0.5709
2017-08-25,61.3235,155.4189,19.2103,74.4774,1.7344,73.5838,3736.2916,3736.2916,3795.9693,3795.7544,61.1086,1.6363
2017-08-28,71.1878,231.9804,26.0656,118.0371,3.4121,81.1527,3805.6567,3805.6567,3866.9422,3842.7119,46.9575,1.2371
2017-08-29,22.1706,169.7600,30.4875,93.5435,5.1321,76.5697,3839.1779,3825.7597,3847.9303,3834.5376,-8.1743,-0.2127
2017-08-30,26.8455,137.3626,33.5856,82.0025,3.7789,76.4195,3834.2682,3827.8607,3854.7062,3834.3005,-0.2371,-0.0062
2017-08-31,39.3129,91.8020,34.6563,66.0044,3.1310,68.1581,3835.8394,3800.8861,3840.1990,3822.0928,-12.2077,-0.3184
2017-09-01,25.4590,88.0616,35.7739,95.8925,3.4883,70.7805,3825.3392,3818.1586,3843.6176,3830.5383,8.4455,0.2210
2017-09-04,33.5369,80.5462,37.4447,49.8619,3.3413,75.1628,3828.5447,3813.5537,3847.0906,3845.6163,15.0780,0.3936
2017-09-05,23.3424,92.5917,39.2388,14.3345,3.5539,78.1445,3845.5451,3841.9514,3865.2938,3857.0464,11.4301,0.2972
2017-09-06,26.8646,71.2744,39.5912,14.9123,2.8991,71.3163,3846.7471,3831.3835,3858.2481,3849.4499,-7.5965,-0.1970
2017-09-07,29.3267,53.7034,37.8544,-4.4292,2.0674,56.1438,3851.6880,3828.8350,3858.1617,3829.8713,-19.5786,-0.5086
2017-09-08,29.0353,28.0986,35.7526,3.8967,1.8610,53.4388,3830.0707,3813.9833,3843.0186,3825.9895,-3.8818,-0.1014
2017-09-11,33.2301,29.5755,33.6709,-4.8930,2.4366,53.1663,3828.3422,3817.5108,3850.7409,3825.6453,-0.3442,-0.0090
2017-09-12,27.3848,37.9668,32.6366,-7.6822,1.1112,61.5648,3832.2422,3822.0037,3849.3885,3837.9341,12.2888,0.3212
2017-09-13,24.8400,35.5856,31.8270,-14.4403,-0.0028,64.4715,3835.5493,3822.9441,3847.7841,3842.6061,4.6720,0.1217
2017-09-14,34.4055,-18.7712,29.8208,-19.4945,-0.1195,51.7539,3843.5720,3820.0876,3854.4931,3829.9554,-12.6507,-0.3292
2017-09-15,24.7736,-57.7334,28.0162,1.4252,-0.0783,52.9350,3826.1448,3818.5234,3843.2970,3831.2965,1.3411,0.0350
2017-09-18,31.0624,102.5943,27.2280,17.1533,0.5507,62.6314,3832.9626,3832.9626,3862.3589,3843.1428,11.8463,0.3092
2017-09-19,37.0145,2.2342,25.4206,6.4708,0.0412,50.9148,3849.8794,3820.2885,3857.3030,3832.1161,-11.0267,-0.2869
2017-09-20,23.0568,32.8691,24.5380,4.5012,-0.0827,59.4365,3830.1549,3827.8858,3850.9426,3842.4353,10.3192,0.2693
2017-09-21,23.4137,77.7959,23.1986,-4.7885,-0.4985,54.3680,3843.2577,3837.3840,3860.7977,3837.8176,-4.6177,-0.1202
2017-09-22,25.4295,-72.3519,21.8778,7.7750,-0.3044,54.2631,3826.4589,3816.8225,3842.2520,3837.7304,-0.0872,-0.0023
2017-09-25,26.6112,-178.5532,19.0031,-13.5050,-0.3154,35.4845,3829.2190,3811.1192,3835.3894,3817.7915,-19.9389,-0.5195
2017-09-26,13.3101,-182.3490,16.7728,-22.3612,-0.1361,39.2667,3810.3333,3808.3827,3821.6928,3820.7816,2.9901,0.0783
2017-09-27,13.7513,-88.9541,14.8677,-10.9161,-0.1162,39.8588,3818.9646,3818.8147,3832.5660,3821.2000,0.4184,0.0110
2017-09-28,13.5776,-106.9291,13.3124,-19.8967,-0.4011,42.0284,3821.5904,3813.7532,3827.3308,3822.5386,1.3386,0.0350
2017-09-29,29.6850,44.9790,13.0560,-1.3163,-0.1589,60.0622,3825.2021,3825.2021,3852.2236,3836.5013,13.9627,0.3653
2017-10-09,82.3378,331.8573,16.3524,44.4772,1.3643,82.0260,3910.1149,3876.0322,3918.8391,3882.2076,45.7063,1.1914
2017-10-10,45.2752,185.3606,19.3595,72.0722,1.5287,83.8151,3883.0037,3855.4666,3900.7418,3889.8637,7.6561,0.1972
2017-10-11,27.5725,182.6675,22.5177,81.9052,1.5494,86.5133,3886.8184,3885.4970,3913.0695,3902.6868,12.8231,0.3297
2017-10-12,19.8963,150.6909,25.5546,91.7536,2.1095,88.3752,3902.0156,3897.5472,3917.4435,3912.9536,10.2668,0.2631
2017-10-13,18.2859,131.5267,28.2846,98.4631,2.0447,89.7114,3912.9750,3908.8885,3927.1744,3921.0017,8.0481,0.2057
2017-10-16,34.1015,114.3906,29.4985,76.9449,1.9706,79.4267,3926.2754,3913.3224,3947.4239,3913.4462,-7.5555,-0.1927
2017-10-17,24.1383,78.6023,30.0833,30.8612,1.9631,78.8846,3910.7894,3900.4758,3924.6141,3913.0688,-0.3774,-0.0096
2017-10-18,31.3418,99.1156,32.6790,54.2989,3.3101,87.3919,3914.8152,3914.8152,3944.4106,3944.1626,31.0938,0.7946
2017-10-19,20.5171,86.5927,33.3102,28.5627,2.8912,72.7790,3940.5831,3923.6455,3944.0349,3931.2495,-12.9131,-0.3274
2017-10-20,21.0521,61.9421,33.0743,13.8984,2.7649,68.1240,3918.5265,3910.1974,3928.9607,3926.8520,-4.3975,-0.1119
2017-10-23,15.6167,70.1583,32.8274,9.7964,2.8321,70.1779,3930.8914,3920.6562,3936.2729,3930.7981,3.9461,0.1005
2017-10-24,37.4663,104.2320,34.5411,45.9491,3.2033,80.8878,3926.2299,3922.0288,3959.4951,3959.3953,28.5972,0.7275
2017-10-25,24.0882,161.8453,36.8904,63.8802,2.4404,84.8859,3958.1669,3954.0011,3978.0893,3976.9490,17.5537,0.4433
2017-10-26,40.0453,211.0499,39.6369,49.4126,2.6662,87.7892,3980.0479,3973.5535,4013.5988,3993.5752,16.6262,0.4181
2017-10-27,33.1105,198.0323,43.6020,90.7181,3.0564,91.2382,3992.5539,3991.3540,4024.4645,4021.9676,28.3924,0.7110
2017-10-30,73.0696,130.2230,45.2347,82.8698,2.4730,79.6013,4022.1641,3960.2698,4033.3394,4009.7218,-12.2458,-0.3045
2017-10-31,26.4653,102.5283,45.7588,75.9198,2.1861,76.7209,3995.3935,3983.2565,4009.2828,4006.7179,-3.0039,-0.0749
2017-11-01,41.1346,96.4821,44.8426,37.2268,2.1254,66.9503,4007.9116,3991.3235,4032.4581,3996.6221,-10.0958,-0.2520
2017-11-02,27.8501,53.0277,43.6546,20.1853,2.1483,67.2046,3994.0946,3971.3761,3999.2262,3997.1343,0.5122,0.0128
2017-11-03,36.3110,38.0147,41.8725,-0.8773,1.2306,62.2284,3992.3496,3963.0263,3999.3373,3992.6979,-4.4364,-0.1110
2017-11-06,46.2313,73.5646,42.2479,-1.0780,2.2802,75.8592,3989.1824,3975.4069,4021.6382,4020.8896,28.1917,0.7061
2017-11-07,43.3282,146.8169,44.7216,44.5247,3.2442,84.0380,4022.4018,4021.3639,4064.2178,4054.2465,33.3569,0.8296
2017-11-08,48.5685,159.3128,45.6522,41.2878,2.9818,78.0976,4051.4935,4040.5772,4089.1457,4048.0057,-6.2408,-0.1539
2017-11-09,38.2098,153.6360,48.0861,79.2777,2.9425,84.1187,4043.0663,4038.4004,4076.6102,4075.8998,27.8941,0.6891
2017-11-10,49.0572,184.7999,52.3178,114.7769,3.3936,88.8621,4070.2763,4067.6570,4116.7142,4111.9112,36.0114,0.8835
2017-11-13,25.7343,177.2384,56.3263,135.3754,3.3679,90.4055,4115.5507,4115.5507,4137.6455,4128.0733,16.1621,0.3931
2017-11-14,46.6559,114.7745,56.5337,78.4614,1.9240,69.7838,4129.2736,4086.8903,4133.5462,4099.3510,-28.7223,-0.6958
2017-11-15,47.0904,58.0173,54.0033,19.4231,1.5948,56.0628,4084.2131,4055.7167,4102.8071,4073.6696,-25.6814,-0.6265
2017-11-16,45.3436,70.5279,53.9057,57.0065,2.4532,65.8862,4063.4943,4062.2734,4107.6170,4105.0122,31.3426,0.7694
2017-11-17,41.0033,84.6526,54.4783,44.9510,3.1083,69.9591,4094.0787,4081.3723,4122.3756,4120.8508,15.8386,0.3858
2017-11-20,83.5508,87.3068,56.1395,31.9222,3.6701,75.1294,4093.7340,4060.9636,4144.5144,4143.8334,22.9826,0.5577
2017-11-21,90.2853,172.2534,62.6938,89.6282,5.6354,85.0521,4131.8482,4129.9783,4220.2636,4217.7015,73.8681,1.7826
2017-11-22,69.4945,193.5702,67.9015,128.2156,5.1401,85.9504,4228.3721,4191.1450,4260.6395,4227.5666,9.8651,0.2339
2017-11-23,140.6648,50.8382,61.2227,28.7270,1.1876,44.8822,4213.3781,4086.9018,4214.1895,4102.3966,-125.1700,-2.9608
2017-11-24,59.1048,-32.7434,55.4365,-0.8088,1.3883,45.3347,4089.4723,4057.4894,4116.5942,4104.2034,1.8068,0.0440
2017-11-27,67.0577,-101.2969,45.9433,-70.9033,-0.6367,34.9861,4088.9318,4037.1457,4088.9318,4049.9475,-54.2559,-1.3220
2017-11-28,46.1798,-129.8285,38.4507,-88.0099,-1.3640,36.8592,4034.2057,4010.2955,4056.4753,4055.8235,5.8760,0.1451
2017-11-29,64.5548,-119.9819,31.9771,-163.9486,-1.8004,36.4156,4061.3545,4004.6870,4069.2418,4053.7529,-2.0706,-0.0511
2017-11-30,65.7511,-136.8577,22.7394,-221.4673,-2.2748,27.3304,4034.0091,3988.0018,4052.7970,4006.0993,-47.6536,-1.1755
2017-12-01,42.7288,-130.1479,14.6075,-104.2601,-1.8542,26.0283,4003.5604,3984.3776,4027.1064,3998.1365,-7.9628,-0.1988